지점,지점명,일시,평균기온(°C),일강수량(mm),평균 풍속(m/s)
642,문화,2017-01-01,3.9,0,.5
642,문화,2017-01-02,5,0,1.1
642,문화,2017-01-03,3.5,0,.9
642,문화,2017-01-04,4.2,0,.6
642,문화,2017-01-05,5,0,1
642,문화,2017-01-06,6.6,0,1.1
642,문화,2017-01-07,4.9,0,.5
642,문화,2017-01-08,9,0,1.2
642,문화,2017-01-09,4.8,0,2
642,문화,2017-01-10,.5,0,1.7
642,문화,2017-01-11,-2.6,0,1.5
642,문화,2017-01-12,.1,0,1.3
642,문화,2017-01-13,-3.1,0,1.4
642,문화,2017-01-14,-5.5,0,2.2
642,문화,2017-01-15,-5.2,0,.9
642,문화,2017-01-16,-3.9,0,.5
642,문화,2017-01-17,-2.7,0,.3
642,문화,2017-01-18,-.2,0,.3
642,문화,2017-01-19,.2,0,.6
642,문화,2017-01-20,-1.9,1.5,1.7
642,문화,2017-01-21,-2.5,1,1.2
642,문화,2017-01-22,-4.1,0,2.1
642,문화,2017-01-23,-5.7,0,1.4
642,문화,2017-01-24,-4.9,0,.6
642,문화,2017-01-25,-4.2,0,.7
642,문화,2017-01-26,-1.2,0,.8
642,문화,2017-01-27,1.4,1.5,1.9
642,문화,2017-01-28,.6,0,.6
642,문화,2017-01-29,3.2,5,.5
642,문화,2017-01-30,-1.8,1,1.6
642,문화,2017-01-31,-3.5,0,.8
642,문화,2017-02-01,-1.7,0,1.4
642,문화,2017-02-02,-1.3,0,1.2
642,문화,2017-02-03,1.8,0,.5
642,문화,2017-02-04,3.2,0,.4
642,문화,2017-02-05,3.6,0,1.2
642,문화,2017-02-06,.5,0,1.9
642,문화,2017-02-07,0,0,.7
642,문화,2017-02-08,.2,0,1.2
642,문화,2017-02-09,-2.5,0,2.3
642,문화,2017-02-10,-4,0,2.5
642,문화,2017-02-11,-2.4,0,1.7
642,문화,2017-02-12,.1,0,1.1
642,문화,2017-02-13,.9,.5,.7
642,문화,2017-02-14,2.3,0,.9
642,문화,2017-02-15,2.5,0,.5
642,문화,2017-02-16,7.9,2.5,1.1
642,문화,2017-02-17,5.1,2,2.2
642,문화,2017-02-18,-.5,0,1.9
642,문화,2017-02-19,3.7,2.5,1
642,문화,2017-02-20,2.5,14,2.3
642,문화,2017-02-21,1.1,0,.6
642,문화,2017-02-22,3.4,15,.7
642,문화,2017-02-23,1,0,2.1
642,문화,2017-02-24,.8,0,1.5
642,문화,2017-02-25,3.9,0,1.3
642,문화,2017-02-26,4.9,0,1.1
642,문화,2017-02-27,4.5,0,.7
642,문화,2017-02-28,5.7,0,.8
642,문화,2017-03-01,6.5,0,.8
642,문화,2017-03-02,3.5,1,2.2
642,문화,2017-03-03,4.2,0,.9
642,문화,2017-03-04,6.4,0,.9
642,문화,2017-03-05,6.7,0,1.1
642,문화,2017-03-06,2.4,0,2.4
642,문화,2017-03-07,-.2,.5,2
642,문화,2017-03-08,1.4,0,2.2
642,문화,2017-03-09,4.7,0,2.7
642,문화,2017-03-10,6.4,0,1.3
642,문화,2017-03-11,7.6,0,.6
642,문화,2017-03-12,9.2,0,.9
642,문화,2017-03-13,8.3,0,1.5
642,문화,2017-03-14,6.1,0,1.5
642,문화,2017-03-15,5.9,0,.9
642,문화,2017-03-16,6.4,0,1.1
642,문화,2017-03-17,8,0,.8
642,문화,2017-03-18,9.5,0,.9
642,문화,2017-03-19,10.1,0,.7
642,문화,2017-03-20,8.5,.5,.7
642,문화,2017-03-21,8.7,0,1.9
642,문화,2017-03-22,7.7,0,.9
642,문화,2017-03-23,10.2,0,1
642,문화,2017-03-24,9.2,0,.9
642,문화,2017-03-25,7.6,1,1.2
642,문화,2017-03-26,6.7,0,1.1
642,문화,2017-03-27,6.8,0,1.6
642,문화,2017-03-28,8.6,0,1.5
642,문화,2017-03-29,10,1.5,1.1
642,문화,2017-03-30,11.8,0,1.1
642,문화,2017-03-31,10.2,8.5,1
642,문화,2017-04-01,9.3,.5,1.1
642,문화,2017-04-02,9.3,0,1.3
642,문화,2017-04-03,11.8,0,1.6
642,문화,2017-04-04,14.5,0,1.1
642,문화,2017-04-05,12.9,12.5,.8
642,문화,2017-04-06,13.9,13.5,1.8
642,문화,2017-04-07,16.4,0,1.4
642,문화,2017-04-08,16.8,0,1
642,문화,2017-04-09,14.2,0,1.7
642,문화,2017-04-10,15.1,0,1.9
642,문화,2017-04-11,12.7,12,1.7
642,문화,2017-04-12,12.4,0,2
642,문화,2017-04-13,13.9,0,1.9
642,문화,2017-04-14,16.5,0,2.3
642,문화,2017-04-15,18.6,0,1.5
642,문화,2017-04-16,20.2,0,.7
642,문화,2017-04-17,14.1,25.5,.9
642,문화,2017-04-18,14.2,1,2.3
642,문화,2017-04-19,13.5,0,2.3
642,문화,2017-04-20,11.1,2,.6
642,문화,2017-04-21,13,0,.8
642,문화,2017-04-22,14.9,0,.9
642,문화,2017-04-23,15.2,0,1.3
642,문화,2017-04-24,15.3,0,1.2
642,문화,2017-04-25,17.4,0,1.5
642,문화,2017-04-26,15.7,.5,1.7
642,문화,2017-04-27,13.8,0,1.8
642,문화,2017-04-28,15.5,0,2.5
642,문화,2017-04-29,18.2,0,1.9
642,문화,2017-04-30,20.2,0,2.2
642,문화,2017-05-01,20.3,0,1.2
642,문화,2017-05-02,20.1,0,1
642,문화,2017-05-03,21.2,0,.9
642,문화,2017-05-04,21.7,0,1.1
642,문화,2017-05-05,21.3,.5,1.8
642,문화,2017-05-06,16.9,0,2.4
642,문화,2017-05-07,18.2,0,2.4
642,문화,2017-05-08,18.1,0,1.3
642,문화,2017-05-09,15.6,7.5,1.3
642,문화,2017-05-10,15.6,1,1.6
642,문화,2017-05-11,19.1,.5,1
642,문화,2017-05-12,20.2,0,1
642,문화,2017-05-13,18.6,0,1.9
642,문화,2017-05-14,17,0,2.8
642,문화,2017-05-15,17,0,2.7
642,문화,2017-05-16,16.9,0,1.4
642,문화,2017-05-17,18.8,0,1
642,문화,2017-05-18,20.6,0,1.3
642,문화,2017-05-19,21.6,0,1.5
642,문화,2017-05-20,21.2,0,1.1
642,문화,2017-05-21,21.4,0,1.2
642,문화,2017-05-22,22,0,1.2
642,문화,2017-05-23,21.3,0,1.1
642,문화,2017-05-24,20.7,5.5,.9
642,문화,2017-05-25,20,0,2.2
642,문화,2017-05-26,17.1,0,1.9
642,문화,2017-05-27,19.1,0,1.4
642,문화,2017-05-28,21.7,0,1.9
642,문화,2017-05-29,24.2,0,2
642,문화,2017-05-30,23.8,0,1.1
642,문화,2017-05-31,21.8,7.5,1
642,문화,2017-06-01,22,0,1.8
642,문화,2017-06-02,20.6,0,1.5
642,문화,2017-06-03,20.6,0,1.8
642,문화,2017-06-04,21.2,0,1.4
642,문화,2017-06-05,22.6,0,1.3
642,문화,2017-06-06,18.7,9.5,1.4
642,문화,2017-06-07,17.8,4.5,1.6
642,문화,2017-06-08,20.3,0,1.7
642,문화,2017-06-09,22.3,0,2.2
642,문화,2017-06-10,22.7,0,2
642,문화,2017-06-11,23.3,0,1.3
642,문화,2017-06-12,21.9,0,1.4
642,문화,2017-06-13,21.9,0,1.5
642,문화,2017-06-14,21.8,0,1.4
642,문화,2017-06-15,23.3,0,2.1
642,문화,2017-06-16,25,0,1.3
642,문화,2017-06-17,24.9,0,1.1
642,문화,2017-06-18,25.1,0,1.3
642,문화,2017-06-19,26.2,0,1.1
642,문화,2017-06-20,25.5,0,.9
642,문화,2017-06-21,25.2,0,1.8
642,문화,2017-06-22,25.6,0,1.4
642,문화,2017-06-23,27.5,0,1.4
642,문화,2017-06-24,24.1,4.5,1.1
642,문화,2017-06-25,25,0,1.3
642,문화,2017-06-26,23.8,3,1.2
642,문화,2017-06-27,24.4,23,1.2
642,문화,2017-06-28,25.1,5.5,1.3
642,문화,2017-06-29,26.2,0,1.1
642,문화,2017-06-30,26.9,0,1.4
642,문화,2017-07-01,24.1,21,.7
642,문화,2017-07-02,26.1,32.5,.9
642,문화,2017-07-03,25.6,75,2.1
642,문화,2017-07-04,26.2,19.5,1.7
642,문화,2017-07-05,28,0,1
642,문화,2017-07-06,26.4,4,.9
642,문화,2017-07-07,27.2,3,.7
642,문화,2017-07-08,26.4,55,.8
642,문화,2017-07-09,27.6,40.5,.9
642,문화,2017-07-10,26.8,18.5,1
642,문화,2017-07-11,27,4.5,2.1
642,문화,2017-07-12,27.9,0,1.5
642,문화,2017-07-13,27.6,0,1.2
642,문화,2017-07-14,27.6,3.5,1.2
642,문화,2017-07-15,25.4,24.5,1.2
642,문화,2017-07-16,27.6,0,1.9
642,문화,2017-07-17,25.8,9.5,1.2
642,문화,2017-07-18,25.7,2,1.2
642,문화,2017-07-19,28.2,0,1
642,문화,2017-07-20,29.2,0,1.3
642,문화,2017-07-21,30,0,1.3
642,문화,2017-07-22,29.6,0,1.3
642,문화,2017-07-23,27.9,.5,1.2
642,문화,2017-07-24,28.5,2,1.2
642,문화,2017-07-25,28.4,30,1.4
642,문화,2017-07-26,27.9,0,1.7
642,문화,2017-07-27,28,0,1.1
642,문화,2017-07-28,28.4,1,1.4
642,문화,2017-07-29,27.2,.5,1.5
642,문화,2017-07-30,27.6,8,1.1
642,문화,2017-07-31,24.9,36,.7
642,문화,2017-08-01,27.1,21,.8
642,문화,2017-08-02,29.4,0,1
642,문화,2017-08-03,28.7,0,2
642,문화,2017-08-04,30.3,0,1.2
642,문화,2017-08-05,31.9,0,1.2
642,문화,2017-08-06,30.1,36.5,1.1
642,문화,2017-08-07,29,0,1.4
642,문화,2017-08-08,28.5,0,.9
642,문화,2017-08-09,24.7,21,.9
642,문화,2017-08-10,26.3,46,1.1
642,문화,2017-08-11,26.2,54.5,.7
642,문화,2017-08-12,26.9,0,1
642,문화,2017-08-13,24.9,2.5,1.5
642,문화,2017-08-14,22.8,64,1.4
642,문화,2017-08-15,23.6,44,1.2
642,문화,2017-08-16,25.6,3.5,.9
642,문화,2017-08-17,26.1,0,1.2
642,문화,2017-08-18,26.6,0,.9
642,문화,2017-08-19,25.5,4,.8
642,문화,2017-08-20,26.4,5.5,1.4
642,문화,2017-08-21,24.8,43.5,.8
642,문화,2017-08-22,27.6,0,1.1
642,문화,2017-08-23,28.9,1.5,1.5
642,문화,2017-08-24,28.2,49,2.4
642,문화,2017-08-25,27,0,1.2
642,문화,2017-08-26,24.3,0,1.1
642,문화,2017-08-27,24.3,0,.9
642,문화,2017-08-28,25.3,24,1.1
642,문화,2017-08-29,22.2,0,1.7
642,문화,2017-08-30,18.9,0,1.1
642,문화,2017-08-31,22.1,0,1.1
642,문화,2017-09-01,22.3,0,.9
642,문화,2017-09-02,21.5,0,.9
642,문화,2017-09-03,22.3,0,.8
642,문화,2017-09-04,23,0,1.1
642,문화,2017-09-05,21.2,.5,.7
642,문화,2017-09-06,21.3,2,.8
642,문화,2017-09-07,22.3,0,.9
642,문화,2017-09-08,23.1,0,.8
642,문화,2017-09-09,23,0,.7
642,문화,2017-09-10,22.9,0,.7
642,문화,2017-09-11,20.5,69,1.2
642,문화,2017-09-12,22.4,0,1.1
642,문화,2017-09-13,21.1,0,.9
642,문화,2017-09-14,21.6,0,1.1
642,문화,2017-09-15,21.7,0,2.1
642,문화,2017-09-16,21.4,0,1.7
642,문화,2017-09-17,22.4,0,1.4
642,문화,2017-09-18,21.6,0,1.3
642,문화,2017-09-19,23.5,0,1.7
642,문화,2017-09-20,20.6,2.5,1.5
642,문화,2017-09-21,19.4,0,.7
642,문화,2017-09-22,20.3,0,.9
642,문화,2017-09-23,20.8,0,.7
642,문화,2017-09-24,23,0,1
642,문화,2017-09-25,23.4,0,.9
642,문화,2017-09-26,23.7,0,.8
642,문화,2017-09-27,19.2,36.5,1
642,문화,2017-09-28,20.6,0,1.4
642,문화,2017-09-29,15.9,0,1.1
642,문화,2017-09-30,17.8,0,.6
642,문화,2017-10-01,16,12,.8
642,문화,2017-10-02,19.1,3.5,.6
642,문화,2017-10-03,18.8,0,1
642,문화,2017-10-04,17.7,0,1.2
642,문화,2017-10-05,18.2,0,1.4
642,문화,2017-10-06,17,1.5,.8
642,문화,2017-10-07,19.7,.5,.6
642,문화,2017-10-08,21.4,0,.6
642,문화,2017-10-09,22.1,0,.7
642,문화,2017-10-10,22.7,0,.9
642,문화,2017-10-11,17.9,11,1.4
642,문화,2017-10-12,12.8,2.5,1
642,문화,2017-10-13,12.3,0,1
642,문화,2017-10-14,14,0,1
642,문화,2017-10-15,15.1,0,1
642,문화,2017-10-16,16.4,0,1
642,문화,2017-10-17,15.9,0,.8
642,문화,2017-10-18,16.3,0,1.4
642,문화,2017-10-19,16.9,0,1.2
642,문화,2017-10-20,16.7,0,.8
642,문화,2017-10-21,16.2,0,.7
642,문화,2017-10-22,16.5,0,1.6
642,문화,2017-10-23,13.3,0,1.1
642,문화,2017-10-24,12.4,0,.6
642,문화,2017-10-25,12.5,0,.6
642,문화,2017-10-26,13.1,0,.6
642,문화,2017-10-27,14.6,0,.6
642,문화,2017-10-28,15.5,0,.7
642,문화,2017-10-29,12.3,0,1.5
642,문화,2017-10-30,7.7,0,1
642,문화,2017-10-31,8.9,0,.7
642,문화,2017-11-01,12.9,0,1
642,문화,2017-11-02,13.9,0,.5
642,문화,2017-11-03,11.8,0,1.4
642,문화,2017-11-04,8.5,0,1.2
642,문화,2017-11-05,7.3,0,.6
642,문화,2017-11-06,9.1,0,.6
642,문화,2017-11-07,14,0,.5
642,문화,2017-11-08,15,0,1.6
642,문화,2017-11-09,9.2,0,.5
642,문화,2017-11-10,10.8,2,1.7
642,문화,2017-11-11,6.7,0,1.2
642,문화,2017-11-12,5.7,0,.6
642,문화,2017-11-13,7.7,0,.7
642,문화,2017-11-14,9.4,0,1.4
642,문화,2017-11-15,6.3,0,1.6
642,문화,2017-11-16,3.4,0,1
642,문화,2017-11-17,5.2,0,.7
642,문화,2017-11-18,1.1,0,2.3
642,문화,2017-11-19,.1,0,1.3
642,문화,2017-11-20,4.2,0,1.3
642,문화,2017-11-21,2.8,0,.6
642,문화,2017-11-22,5.2,0,.9
642,문화,2017-11-23,2.1,.5,1.2
642,문화,2017-11-24,1.4,6,1.1
642,문화,2017-11-25,6.5,0,1.7
642,문화,2017-11-26,7.7,3,1.8
642,문화,2017-11-27,3.7,0,.5
642,문화,2017-11-28,6.2,0,.6
642,문화,2017-11-29,6.9,0,1.4
642,문화,2017-11-30,.9,0,1.6
642,문화,2017-12-01,-.3,0,1.2
642,문화,2017-12-02,2.3,0,.5
642,문화,2017-12-03,6.6,0,.8
642,문화,2017-12-04,2.9,0,1.9
642,문화,2017-12-05,-2.5,0,1.5
642,문화,2017-12-06,1.8,.5,.8
642,문화,2017-12-07,3.8,2.5,1.4
642,문화,2017-12-08,-1.1,0,1.5
642,문화,2017-12-09,1.1,0,.6
642,문화,2017-12-10,3.7,1.5,1.4
642,문화,2017-12-11,-3.4,0,2.3
642,문화,2017-12-12,-5.7,0,1.6
642,문화,2017-12-13,-5.3,0,1
642,문화,2017-12-14,-4.5,0,.6
642,문화,2017-12-15,-1.2,0,.6
642,문화,2017-12-16,-1.7,0,2
642,문화,2017-12-17,-4.4,0,1
642,문화,2017-12-18,1.3,0,1.3
642,문화,2017-12-19,-1.5,0,1.5
642,문화,2017-12-20,-1.2,.5,.7
642,문화,2017-12-21,-.1,0,.5
642,문화,2017-12-22,1.9,0,.6
642,문화,2017-12-23,4.9,0,.4
642,문화,2017-12-24,4,19,1.2
642,문화,2017-12-25,.4,0,2
642,문화,2017-12-26,-.6,0,2
642,문화,2017-12-27,-3.9,0,1.3
642,문화,2017-12-28,-1.2,0,.7
642,문화,2017-12-29,3.3,0,.8
642,문화,2017-12-30,3.7,.5,.6
642,문화,2017-12-31,2,.5,1.6
642,문화,2018-01-01,-.6,0,.6
642,문화,2018-01-02,-.3,0,.7
642,문화,2018-01-03,-1.7,0,1.2
642,문화,2018-01-04,-2.3,0,.9
642,문화,2018-01-05,-.4,0,1
642,문화,2018-01-06,-.5,0,.7
642,문화,2018-01-07,-.8,0,.5
642,문화,2018-01-08,1.6,1.5,1.1
642,문화,2018-01-09,-1.3,1,2.1
642,문화,2018-01-10,-4.5,.5,1.7
642,문화,2018-01-11,-8.3,0,1.4
642,문화,2018-01-12,-8,0,1.1
642,문화,2018-01-13,-1.5,0,.8
642,문화,2018-01-14,.7,0,.5
642,문화,2018-01-15,5.4,0,1
642,문화,2018-01-16,4,3.5,.5
642,문화,2018-01-17,4.2,11,.8
642,문화,2018-01-18,4.3,0,1.1
642,문화,2018-01-19,.5,0,.6
642,문화,2018-01-20,.8,0,.6
642,문화,2018-01-21,1.5,0,.5
642,문화,2018-01-22,3.4,1,1.4
642,문화,2018-01-23,-6.6,0,2.6
642,문화,2018-01-24,-11.1,0,2.4
642,문화,2018-01-25,-10.3,0,1.6
642,문화,2018-01-26,-10.8,0,1.8
642,문화,2018-01-27,-8,0,.8
642,문화,2018-01-28,-3,0,1.6
642,문화,2018-01-29,-6,0,1.7
642,문화,2018-01-30,-4.4,0,1
642,문화,2018-01-31,.1,0,1.1
642,문화,2018-02-01,-1.6,0,1
642,문화,2018-02-02,-2.7,0,.7
642,문화,2018-02-03,-4.5,0,2.3
642,문화,2018-02-04,-6.9,0,2
642,문화,2018-02-05,-7.3,0,1.9
642,문화,2018-02-06,-7.7,0,1.7
642,문화,2018-02-07,-6.8,0,.8
642,문화,2018-02-08,-3.9,0,.7
642,문화,2018-02-09,1.6,0,.9
642,문화,2018-02-10,1,0,1.7
642,문화,2018-02-11,-3.5,.5,2
642,문화,2018-02-12,-4.7,0,1.7
642,문화,2018-02-13,-.3,.5,1.9
642,문화,2018-02-14,5.4,0,1.8
642,문화,2018-02-15,1.3,0,1.3
642,문화,2018-02-16,.7,0,1
642,문화,2018-02-17,-.7,0,1.6
642,문화,2018-02-18,.4,0,.7
642,문화,2018-02-19,2.8,0,.7
642,문화,2018-02-20,2.6,0,1.1
642,문화,2018-02-21,.7,0,1.4
642,문화,2018-02-22,.5,0,1.1
642,문화,2018-02-23,5.8,0,2
642,문화,2018-02-24,6,0,1.4
642,문화,2018-02-25,4.6,0,1.1
642,문화,2018-02-26,4,0,.8
642,문화,2018-02-27,6.5,0,.8
642,문화,2018-02-28,5.3,28,1.5
642,문화,2018-03-01,2.4,.5,2.6
642,문화,2018-03-02,1.7,0,1.1
642,문화,2018-03-03,8.6,0,.6
642,문화,2018-03-04,15.3,10.5,1
642,문화,2018-03-05,7,13,1.7
642,문화,2018-03-06,6.1,0,.9
642,문화,2018-03-07,5.9,2.5,1.8
642,문화,2018-03-08,3.2,9.5,1.1
642,문화,2018-03-09,3.2,0,1
642,문화,2018-03-10,4.4,0,1.3
642,문화,2018-03-11,7.7,0,1.1
642,문화,2018-03-12,8.7,0,.9
642,문화,2018-03-13,13,0,1.3
642,문화,2018-03-14,16.3,0,1
642,문화,2018-03-15,13.5,21.5,.9
642,문화,2018-03-16,6.7,1.5,1.9
642,문화,2018-03-17,7.6,0,1.1
642,문화,2018-03-18,7.9,6.5,.6
642,문화,2018-03-19,8.4,16.5,1.7
642,문화,2018-03-20,6,0,2.8
642,문화,2018-03-21,1.1,8.5,1.3
642,문화,2018-03-22,5,0,1.6
642,문화,2018-03-23,6.4,0,1.1
642,문화,2018-03-24,8.5,0,1.5
642,문화,2018-03-25,10.5,0,1.4
642,문화,2018-03-26,12.3,0,1.2
642,문화,2018-03-27,14.3,0,1.6
642,문화,2018-03-28,15.1,0,1.6
642,문화,2018-03-29,16.3,0,.8
642,문화,2018-03-30,15.7,0,1.3
642,문화,2018-03-31,15.9,0,1.2
642,문화,2018-04-01,16.1,0,1.1
642,문화,2018-04-02,18.1,0,1.2
642,문화,2018-04-03,19.1,0,1.3
642,문화,2018-04-04,13.2,14,1.5
642,문화,2018-04-05,8.4,16.5,1.4
642,문화,2018-04-06,8,18,2.2
642,문화,2018-04-07,5.3,0,3
642,문화,2018-04-08,8.4,0,2.6
642,문화,2018-04-09,12.2,0,1.2
642,문화,2018-04-10,16.9,.5,2.2
642,문화,2018-04-11,16.1,5.5,2.5
642,문화,2018-04-12,14.3,0,1.4
642,문화,2018-04-13,13.7,0,1.3
642,문화,2018-04-14,9.2,31.5,1.5
642,문화,2018-04-15,10.2,0,2.4
642,문화,2018-04-16,11.6,0,1.1
642,문화,2018-04-17,14,0,1
642,문화,2018-04-18,13.8,0,1.2
642,문화,2018-04-19,14.9,0,1.4
642,문화,2018-04-20,19.2,0,1.1
642,문화,2018-04-21,19.7,0,1.2
642,문화,2018-04-22,16.8,1,1.2
642,문화,2018-04-23,11.7,40,1.8
642,문화,2018-04-24,12.4,3,1.3
642,문화,2018-04-25,14.5,0,1.1
642,문화,2018-04-26,15.7,0,1.4
642,문화,2018-04-27,16,0,1.4
642,문화,2018-04-28,16.2,0,1.4
642,문화,2018-04-29,16.8,0,1.2
642,문화,2018-04-30,20.8,0,1.1
642,문화,2018-05-01,21.4,1,1
642,문화,2018-05-02,17.7,10,2
642,문화,2018-05-03,12.6,0,3.2
642,문화,2018-05-04,15.3,0,3.2
642,문화,2018-05-05,19.3,0,1.9
642,문화,2018-05-06,16.1,16.5,.9
642,문화,2018-05-07,17.3,6,1
642,문화,2018-05-08,16.6,0,1.8
642,문화,2018-05-09,16.1,0,1.4
642,문화,2018-05-10,16.9,0,1.6
642,문화,2018-05-11,17.2,0,1.6
642,문화,2018-05-12,15.6,22,.6
642,문화,2018-05-13,17.8,2,1.7
642,문화,2018-05-14,20,0,1.1
642,문화,2018-05-15,23.7,0,.7
642,문화,2018-05-16,25.9,0,1.1
642,문화,2018-05-17,,0,
642,문화,2018-05-19,17.5,0,2
642,문화,2018-05-20,17.4,0,2.3
642,문화,2018-05-21,17.4,0,1.8
642,문화,2018-05-22,18.8,6,.9
642,문화,2018-05-23,19,23,1.6
642,문화,2018-05-24,19,0,1.6
642,문화,2018-05-25,20.1,0,.9
642,문화,2018-05-26,22.4,0,1.1
642,문화,2018-05-27,21.2,0,.9
642,문화,2018-05-28,23.2,0,1.3
642,문화,2018-05-29,23.3,0,1.3
642,문화,2018-05-30,22.4,0,1.9
642,문화,2018-05-31,21.2,0,1.5
642,문화,2018-06-01,24.3,0,1.1
642,문화,2018-06-02,24,0,1.2
642,문화,2018-06-03,24,0,1.1
642,문화,2018-06-04,23.8,0,1.4
642,문화,2018-06-05,23.5,0,1.1
642,문화,2018-06-06,24.4,0,1.2
642,문화,2018-06-07,24.6,0,1.3
642,문화,2018-06-08,22.8,0,1.5
642,문화,2018-06-09,22.8,.5,1.8
642,문화,2018-06-10,21.3,0,2
642,문화,2018-06-11,20,.5,1.4
642,문화,2018-06-12,21.1,0,1.3
642,문화,2018-06-13,22.8,0,1
642,문화,2018-06-14,22.6,0,1.8
642,문화,2018-06-15,21.2,0,1.9
642,문화,2018-06-16,22,0,1.7
642,문화,2018-06-17,23.4,0,1.1
642,문화,2018-06-18,25.8,0,1.3
642,문화,2018-06-19,21.3,3.5,.8
642,문화,2018-06-20,23.3,0,1.3
642,문화,2018-06-21,23.7,0,1.6
642,문화,2018-06-22,25,0,1.1
642,문화,2018-06-23,24.4,0,1.7
642,문화,2018-06-24,26.4,0,1.7
642,문화,2018-06-25,26.8,0,1
642,문화,2018-06-26,24.4,37.5,1.4
642,문화,2018-06-27,25.7,61,2.1
642,문화,2018-06-28,24.5,0,1
642,문화,2018-06-29,26,20.5,1.3
642,문화,2018-06-30,25.1,5,.7
642,문화,2018-07-01,22.2,99.5,.8
642,문화,2018-07-02,23,51,.4
642,문화,2018-07-03,25.6,0,1.2
642,문화,2018-07-04,27.1,0,1.6
642,문화,2018-07-05,25.6,13,.9
642,문화,2018-07-06,22.3,19.5,1.3
642,문화,2018-07-07,22.8,0,1.8
642,문화,2018-07-08,22.1,0,1.5
642,문화,2018-07-09,20.9,18.5,.9
642,문화,2018-07-10,26.4,0,.8
642,문화,2018-07-11,28.5,0,.8
642,문화,2018-07-12,28.8,0,1.2
642,문화,2018-07-13,29,0,1.6
642,문화,2018-07-14,28.9,0,1.6
642,문화,2018-07-15,29.7,0,1.2
642,문화,2018-07-16,29.6,0,1.2
642,문화,2018-07-17,29.6,0,1.3
642,문화,2018-07-18,29.3,0,.9
642,문화,2018-07-19,29.5,0,1
642,문화,2018-07-20,30.4,0,.9
642,문화,2018-07-21,31.5,0,1
642,문화,2018-07-22,31.4,0,1
642,문화,2018-07-23,31,0,1
642,문화,2018-07-24,31.6,0,1.2
642,문화,2018-07-25,30.7,0,1.7
642,문화,2018-07-26,31,0,1.4
642,문화,2018-07-27,31.5,0,1.3
642,문화,2018-07-28,29.7,0,1.1
642,문화,2018-07-29,31,0,1.7
642,문화,2018-07-30,30.2,0,1.6
642,문화,2018-07-31,31.2,0,1.4
642,문화,2018-08-01,32.7,0,1.3
642,문화,2018-08-02,32.9,0,1.3
642,문화,2018-08-03,32.6,0,1.3
642,문화,2018-08-04,31.5,0,1.6
642,문화,2018-08-05,30.6,0,1.7
642,문화,2018-08-06,30.7,0,1.2
642,문화,2018-08-07,31.4,0,1.3
642,문화,2018-08-08,31.4,0,1.4
642,문화,2018-08-09,30.2,.5,1.2
642,문화,2018-08-10,30.6,0,1.4
642,문화,2018-08-11,29.7,0,1.8
642,문화,2018-08-12,29.9,0,1.3
642,문화,2018-08-13,30.6,0,.9
642,문화,2018-08-14,32.3,0,1.2
642,문화,2018-08-15,32.6,0,1.2
642,문화,2018-08-16,29.3,0,1.8
642,문화,2018-08-17,26.5,0,2.5
642,문화,2018-08-18,26.4,0,1.6
642,문화,2018-08-19,27.5,0,1
642,문화,2018-08-20,29.1,0,1.2
642,문화,2018-08-21,28.3,0,1.4
642,문화,2018-08-22,30.6,0,1.8
642,문화,2018-08-23,28.5,5,2.3
642,문화,2018-08-24,25.2,18.5,2.1
642,문화,2018-08-25,25.4,0,1.2
642,문화,2018-08-26,21.4,125,.8
642,문화,2018-08-27,23.7,68,.7
642,문화,2018-08-28,26.5,35.5,.8
642,문화,2018-08-29,28.1,0,1.2
642,문화,2018-08-30,26.4,78.5,1.4
642,문화,2018-08-31,22.3,47,.7
642,문화,2018-09-01,24.9,0,1.6
642,문화,2018-09-02,24,0,1.5
642,문화,2018-09-03,25,57,.8
642,문화,2018-09-04,24.6,25.5,1.4
642,문화,2018-09-05,24.4,0,2
642,문화,2018-09-06,23.7,0,1.1
642,문화,2018-09-07,22.4,2,1.6
642,문화,2018-09-08,21.1,0,1
642,문화,2018-09-09,22.1,0,.9
642,문화,2018-09-10,22.2,0,1.5
642,문화,2018-09-11,21,0,1.6
642,문화,2018-09-12,22.3,0,1.2
642,문화,2018-09-13,21.9,0,1.2
642,문화,2018-09-14,22.1,8.5,.9
642,문화,2018-09-15,22.7,.5,.7
642,문화,2018-09-16,23,.5,.7
642,문화,2018-09-17,23.2,0,.9
642,문화,2018-09-18,22.3,0,.9
642,문화,2018-09-19,21.5,0,.6
642,문화,2018-09-20,20.9,.5,1.2
642,문화,2018-09-21,19.7,32,.9
642,문화,2018-09-22,21.2,0,1
642,문화,2018-09-23,19.6,0,.9
642,문화,2018-09-24,17.3,0,1
642,문화,2018-09-25,17.6,0,1.1
642,문화,2018-09-26,19.2,0,1.4
642,문화,2018-09-27,18.6,0,1.3
642,문화,2018-09-28,17.8,0,.8
642,문화,2018-09-29,20.2,0,1
642,문화,2018-09-30,19,0,1.6
642,문화,2018-10-01,15.4,1,2
642,문화,2018-10-02,16.1,0,.6
642,문화,2018-10-03,16,0,.6
642,문화,2018-10-04,18.9,0,1.1
642,문화,2018-10-05,17.9,52,1
642,문화,2018-10-06,18.2,33,1.4
642,문화,2018-10-07,17.9,0,.9
642,문화,2018-10-08,14.2,0,.5
642,문화,2018-10-09,15.1,0,.6
642,문화,2018-10-10,14.2,0,1.8
642,문화,2018-10-11,11,0,1.3
642,문화,2018-10-12,10.8,0,.6
642,문화,2018-10-13,12,0,.5
642,문화,2018-10-14,13.6,0,.6
642,문화,2018-10-15,14.2,0,.4
642,문화,2018-10-16,13.2,0,.4
642,문화,2018-10-17,12.9,0,.6
642,문화,2018-10-18,12,0,.9
642,문화,2018-10-19,12.6,0,.8
642,문화,2018-10-20,12.3,0,.5
642,문화,2018-10-21,12.5,0,.5
642,문화,2018-10-22,13.7,0,.4
642,문화,2018-10-23,13.3,0,.8
642,문화,2018-10-24,12.8,0,.5
642,문화,2018-10-25,12.7,0,.6
642,문화,2018-10-26,11.9,17,.5
642,문화,2018-10-27,10.7,.5,2.2
642,문화,2018-10-28,10.1,13.5,1.6
642,문화,2018-10-29,9.9,.5,.8
642,문화,2018-10-30,7.3,0,.9
642,문화,2018-10-31,8.5,0,.8
642,문화,2018-11-01,7.7,0,.5
642,문화,2018-11-02,9.2,0,.5
642,문화,2018-11-03,10.3,0,.4
642,문화,2018-11-04,10.2,0,.4
642,문화,2018-11-05,10.6,0,.5
642,문화,2018-11-06,11.6,0,.5
642,문화,2018-11-07,12.7,1,.2
642,문화,2018-11-08,14.2,35.5,.9
642,문화,2018-11-09,11.5,0,1.7
642,문화,2018-11-10,11.6,0,.7
642,문화,2018-11-11,10.2,0,.5
642,문화,2018-11-12,9.5,0,.9
642,문화,2018-11-13,8.7,0,.6
642,문화,2018-11-14,9.1,0,.4
642,문화,2018-11-15,9.2,0,.3
642,문화,2018-11-16,9.9,0,.4
642,문화,2018-11-17,7.5,0,1.1
642,문화,2018-11-18,5.6,0,.2
642,문화,2018-11-19,8.3,0,.7
642,문화,2018-11-20,6.6,0,.5
642,문화,2018-11-21,5.2,0,.9
642,문화,2018-11-22,4,0,1.2
642,문화,2018-11-23,2.7,0,.6
642,문화,2018-11-24,3.8,7,.6
642,문화,2018-11-25,6.9,0,.3
642,문화,2018-11-26,6.1,0,.3
642,문화,2018-11-27,8.3,0,.5
642,문화,2018-11-28,5.9,0,.8
642,문화,2018-11-29,4.9,0,.3
642,문화,2018-11-30,5.9,0,.7
642,문화,2018-12-01,5.4,0,.4
642,문화,2018-12-02,8,0,.2
642,문화,2018-12-03,12.6,12.5,.4
642,문화,2018-12-04,10,19,1.3
642,문화,2018-12-05,2.6,0,1.3
642,문화,2018-12-06,2.9,.5,1
642,문화,2018-12-07,-3.5,0,2.6
642,문화,2018-12-08,-5.8,0,1.3
642,문화,2018-12-09,-5,0,1.1
642,문화,2018-12-10,-2.7,0,.5
642,문화,2018-12-11,-.9,.5,.2
642,문화,2018-12-12,-.7,0,.6
642,문화,2018-12-13,-.3,0,1.2
642,문화,2018-12-14,-2.1,0,.9
642,문화,2018-12-15,-2.4,0,.4
642,문화,2018-12-16,1.1,0,.6
642,문화,2018-12-17,3.9,0,1.6
642,문화,2018-12-18,3,0,1
642,문화,2018-12-19,6.5,.5,.9
642,문화,2018-12-20,4.6,0,.4
642,문화,2018-12-21,4.5,0,.3
642,문화,2018-12-22,6.7,0,.5
642,문화,2018-12-23,5.8,0,1.7
642,문화,2018-12-24,-.5,0,.8
642,문화,2018-12-25,.1,0,.3
642,문화,2018-12-26,2.2,0,1.4
642,문화,2018-12-27,-5.8,0,2.4
642,문화,2018-12-28,-8,0,1.4
642,문화,2018-12-29,-5.5,0,1.2
642,문화,2018-12-30,-5.1,0,.7
642,문화,2018-12-31,-4.6,0,.5
642,문화,2019-01-01,-2.5,0,.9
642,문화,2019-01-02,-3.2,0,.7
642,문화,2019-01-03,-3,0,.3
642,문화,2019-01-04,-1.6,0,.4
642,문화,2019-01-05,.1,0,1.2
642,문화,2019-01-06,-2,0,.6
642,문화,2019-01-07,-1.2,0,.5
642,문화,2019-01-08,-1.2,0,1.5
642,문화,2019-01-09,-3.1,0,.8
642,문화,2019-01-10,-.7,0,.5
642,문화,2019-01-11,3,0,.6
642,문화,2019-01-12,4.4,0,.7
642,문화,2019-01-13,1.9,0,.5
642,문화,2019-01-14,1.7,0,.5
642,문화,2019-01-15,.7,0,1.7
642,문화,2019-01-16,-3,0,1.1
642,문화,2019-01-17,.1,0,1.7
642,문화,2019-01-18,.8,0,.5
642,문화,2019-01-19,3.3,0,.3
642,문화,2019-01-20,1.7,0,2
642,문화,2019-01-21,.3,0,1.4
642,문화,2019-01-22,2.5,0,1.1
642,문화,2019-01-23,3.7,0,1.1
642,문화,2019-01-24,.4,0,.5
642,문화,2019-01-25,-.4,0,1.4
642,문화,2019-01-26,-1.9,0,1.3
642,문화,2019-01-27,-.8,0,.8
642,문화,2019-01-28,2.7,.5,1.9
642,문화,2019-01-29,-.2,0,.5
642,문화,2019-01-30,2.6,0,.7
642,문화,2019-01-31,.8,0,1.4
642,문화,2019-02-01,-1.5,0,1.1
642,문화,2019-02-02,2,0,.4
642,문화,2019-02-03,5.2,24,1.3
642,문화,2019-02-04,2.1,0,1.3
642,문화,2019-02-05,3.6,0,.4
642,문화,2019-02-06,6.1,0,.9
642,문화,2019-02-07,1.9,0,2.1
642,문화,2019-02-08,-2.9,0,1.4
642,문화,2019-02-09,-2.3,0,1.8
642,문화,2019-02-10,-1.8,0,1.2
642,문화,2019-02-11,-1.1,0,1.5
642,문화,2019-02-12,-.1,0,.7
642,문화,2019-02-13,.1,0,1.4
642,문화,2019-02-14,1.9,0,.9
642,문화,2019-02-15,1.8,0,1.3
642,문화,2019-02-16,-.6,0,1.7
642,문화,2019-02-17,-.2,0,1
642,문화,2019-02-18,2,0,.6
642,문화,2019-02-19,2.4,14,.7
642,문화,2019-02-20,2.3,0,1
642,문화,2019-02-21,2.4,0,.6
642,문화,2019-02-22,3.9,0,.6
642,문화,2019-02-23,5.6,0,.6
642,문화,2019-02-24,6.9,0,.8
642,문화,2019-02-25,6.1,0,.9
642,문화,2019-02-26,5.5,0,.7
642,문화,2019-02-27,6.7,0,.5
642,문화,2019-02-28,6.5,0,.7
642,문화,2019-03-01,6.3,0,.8
642,문화,2019-03-02,7.7,0,.5
642,문화,2019-03-03,9.2,0,.6
642,문화,2019-03-04,9.8,0,1.1
642,문화,2019-03-05,8.6,0,.8
642,문화,2019-03-06,10,0,1
642,문화,2019-03-07,6.9,0,1.4
642,문화,2019-03-08,7.2,0,1
642,문화,2019-03-09,8.3,0,.6
642,문화,2019-03-10,8.2,.5,.8
642,문화,2019-03-11,6,.5,1.4
642,문화,2019-03-12,4.8,.5,2.2
642,문화,2019-03-13,3.9,0,2.3
642,문화,2019-03-14,6.1,0,1.5
642,문화,2019-03-15,7,0,2.2
642,문화,2019-03-16,6.3,0,1.6
642,문화,2019-03-17,7.6,0,1.1
642,문화,2019-03-18,7.5,0,.7
642,문화,2019-03-19,10.9,0,1
642,문화,2019-03-20,11.3,15.5,.6
642,문화,2019-03-21,8.6,3,2.6
642,문화,2019-03-22,4.8,0,1.7
642,문화,2019-03-23,3.6,5,1.7
642,문화,2019-03-24,4.8,0,1.7
642,문화,2019-03-25,7.1,0,1.3
642,문화,2019-03-26,11.2,0,.9
642,문화,2019-03-27,14.2,0,2.6
642,문화,2019-03-28,12,0,1.4
642,문화,2019-03-29,12,0,1.4
642,문화,2019-03-30,6.2,3,2.1
642,문화,2019-03-31,5.6,0,2.5
642,문화,2019-04-01,6,0,1.9
642,문화,2019-04-02,7.3,0,1.4
642,문화,2019-04-03,7.5,0,1.6
642,문화,2019-04-04,9.3,0,1.5
642,문화,2019-04-05,11.4,0,2.5
642,문화,2019-04-06,12.6,0,.9
642,문화,2019-04-07,14.8,0,.9
642,문화,2019-04-08,12.9,0,1.3
642,문화,2019-04-09,10.4,28,1.9
642,문화,2019-04-10,8.1,2,1.5
642,문화,2019-04-11,10.8,0,1
642,문화,2019-04-12,11.9,0,1.2
642,문화,2019-04-13,12.1,0,1
642,문화,2019-04-14,10.6,.5,1.7
642,문화,2019-04-15,12,0,1.4
642,문화,2019-04-16,14.8,0,.7
642,문화,2019-04-17,17,0,1.3
642,문화,2019-04-18,15.8,0,2
642,문화,2019-04-19,14.4,0,1.3
642,문화,2019-04-20,17.1,0,1.3
642,문화,2019-04-21,18.3,0,.9
642,문화,2019-04-22,20.9,0,1.1
642,문화,2019-04-23,18.6,5,.8
642,문화,2019-04-24,17.7,21,.8
642,문화,2019-04-25,15.1,11,1
642,문화,2019-04-26,9.9,1.5,1.6
642,문화,2019-04-27,12.3,0,1
642,문화,2019-04-28,12.8,0,.9
642,문화,2019-04-29,11,15.5,.6
642,문화,2019-04-30,16.2,0,.9
642,문화,2019-05-01,15.8,0,1.5
642,문화,2019-05-02,15.5,0,1.7
642,문화,2019-05-03,18.1,0,1.1
642,문화,2019-05-04,19.6,0,.8
642,문화,2019-05-05,20,0,1.2
642,문화,2019-05-06,14.5,0,2
642,문화,2019-05-07,14.9,0,1.2
642,문화,2019-05-08,16.2,0,1.6
642,문화,2019-05-09,17.7,0,1.2
642,문화,2019-05-10,18.7,0,.9
642,문화,2019-05-11,20.4,0,.9
642,문화,2019-05-12,21.1,0,1.1
642,문화,2019-05-13,20.2,0,1.1
642,문화,2019-05-14,21.4,0,1.2
642,문화,2019-05-15,22.5,0,.9
642,문화,2019-05-16,23.6,0,1.1
642,문화,2019-05-17,23.3,0,1
642,문화,2019-05-18,19.3,12.5,2.1
642,문화,2019-05-19,20.6,1,1.3
642,문화,2019-05-20,17.3,3,2.3
642,문화,2019-05-21,18,0,2.6
642,문화,2019-05-22,20.8,0,1.8
642,문화,2019-05-23,23,0,1.3
642,문화,2019-05-24,24.5,0,.7
642,문화,2019-05-25,23.8,0,.6
642,문화,2019-05-26,24.9,0,1.3
642,문화,2019-05-27,17.8,16,1.9
642,문화,2019-05-28,18,0,1.4
642,문화,2019-05-29,20.6,0,1.3
642,문화,2019-05-30,20.2,0,1.4
642,문화,2019-05-31,19.2,.5,1.7
642,문화,2019-06-01,19.3,0,.8
642,문화,2019-06-02,21.9,0,.8
642,문화,2019-06-03,23.5,0,.8
642,문화,2019-06-04,24.8,0,1.4
642,문화,2019-06-05,24.1,0,1.3
642,문화,2019-06-06,22.4,15.5,.8
642,문화,2019-06-07,18.9,17,1.5
642,문화,2019-06-08,21.5,0,.7
642,문화,2019-06-09,22.1,1,.9
642,문화,2019-06-10,19.3,14.5,1.1
642,문화,2019-06-11,20.8,0,.9
642,문화,2019-06-12,21.6,0,.7
642,문화,2019-06-13,23.6,0,.5
642,문화,2019-06-14,21.8,0,.3
642,문화,2019-06-15,22,0,1.1
642,문화,2019-06-16,21.7,0,1.1
642,문화,2019-06-17,22.1,0,1.7
642,문화,2019-06-18,21.8,0,.7
642,문화,2019-06-19,22.9,0,.8
642,문화,2019-06-20,24.2,0,1.1
642,문화,2019-06-21,24.4,0,1.1
642,문화,2019-06-22,23.3,2.5,1.1
642,문화,2019-06-23,23.6,0,.8
642,문화,2019-06-24,24.5,0,1.2
642,문화,2019-06-25,26.3,0,.8
642,문화,2019-06-26,21.9,2,.8
642,문화,2019-06-27,24.4,2.5,.8
642,문화,2019-06-28,25.3,0,1.5
642,문화,2019-06-29,22.1,15.5,.4
642,문화,2019-06-30,24.3,0,1.5
642,문화,2019-07-01,23.7,0,1.4
642,문화,2019-07-02,24.3,0,1.1
642,문화,2019-07-03,24.5,0,.6
642,문화,2019-07-04,25.6,0,.9
642,문화,2019-07-05,27.9,0,.6
642,문화,2019-07-06,27.2,0,1.7
642,문화,2019-07-07,25.5,0,1.9
642,문화,2019-07-08,24.7,0,1.6
642,문화,2019-07-09,24.3,0,1.8
642,문화,2019-07-10,21.6,19,1.1
642,문화,2019-07-11,21.1,6,.6
642,문화,2019-07-12,23.5,0,1.5
642,문화,2019-07-13,24.2,1.5,.8
642,문화,2019-07-14,25.7,0,.8
642,문화,2019-07-15,24,44,.8
642,문화,2019-07-16,24.6,36,.7
642,문화,2019-07-17,25.8,0,.6
642,문화,2019-07-18,25.4,5,.4
642,문화,2019-07-19,26.5,.5,1
642,문화,2019-07-20,25.6,21,1.6
642,문화,2019-07-21,24.7,29,1.4
642,문화,2019-07-22,28.3,0,1.2
642,문화,2019-07-23,29,0,.5
642,문화,2019-07-24,27.7,0,.1
642,문화,2019-07-25,26.4,23.5,
642,문화,2019-07-26,27,19,.1
642,문화,2019-07-27,27.9,15,.4
642,문화,2019-07-28,26.9,21.5,.5
642,문화,2019-07-29,28.8,0,.6
642,문화,2019-07-30,29.5,0,1.3
642,문화,2019-07-31,29.9,0,2.1
642,문화,2019-08-01,29.7,0,1.3
642,문화,2019-08-02,30.4,0,.6
642,문화,2019-08-03,30.4,0,1
642,문화,2019-08-04,30.3,0,.9
642,문화,2019-08-05,31.3,0,.9
642,문화,2019-08-06,29.5,0,1.6
642,문화,2019-08-07,28.8,17.5,1.7
642,문화,2019-08-08,28,15,.9
642,문화,2019-08-09,29.6,4,.8
642,문화,2019-08-10,30.2,0,1.5
642,문화,2019-08-11,30.1,0,2
642,문화,2019-08-12,29.9,0,1.4
642,문화,2019-08-13,30.3,0,.9
642,문화,2019-08-14,30.2,0,1.6
642,문화,2019-08-15,25.8,9,1.4
642,문화,2019-08-16,26.7,1,1.6
642,문화,2019-08-17,26.5,3.5,1.5
642,문화,2019-08-18,25.9,0,.9
642,문화,2019-08-19,26.6,0,.8
642,문화,2019-08-20,27.8,0,1.4
642,문화,2019-08-21,27.1,7,.9
642,문화,2019-08-22,26.4,30,1.2
642,문화,2019-08-23,25.2,0,1.6
642,문화,2019-08-24,23.7,0,1
642,문화,2019-08-25,24.5,0,1.2
642,문화,2019-08-26,25.8,0,.8
642,문화,2019-08-27,22.2,41,.9
642,문화,2019-08-28,24.3,1.5,1
642,문화,2019-08-29,23.8,5.5,.9
642,문화,2019-08-30,23.8,1.5,1.4
642,문화,2019-08-31,23.6,0,1.2
642,문화,2019-09-01,24,0,.8
642,문화,2019-09-02,22.5,10.5,.7
642,문화,2019-09-03,22.5,2.5,.6
642,문화,2019-09-04,24.9,3.5,.8
642,문화,2019-09-05,24.8,26.5,.4
642,문화,2019-09-06,26.2,.5,.9
642,문화,2019-09-07,26.7,3,3
642,문화,2019-09-08,25.7,3.5,.6
642,문화,2019-09-09,24.4,10.5,.6
642,문화,2019-09-10,27.8,0,.8
642,문화,2019-09-11,25.7,0,1.3
642,문화,2019-09-12,21.3,4,1.6
642,문화,2019-09-13,23.2,0,1.2
642,문화,2019-09-14,23.6,0,.9
642,문화,2019-09-15,25.5,0,1
642,문화,2019-09-16,24.7,0,1
642,문화,2019-09-17,23.4,0,1.2
642,문화,2019-09-18,22.4,0,1.3
642,문화,2019-09-19,20.5,0,.9
642,문화,2019-09-20,20.1,0,1.2
642,문화,2019-09-21,18.2,43.5,1.3
642,문화,2019-09-22,17.2,68,2
642,문화,2019-09-23,18.3,0,.8
642,문화,2019-09-24,18.5,0,.7
642,문화,2019-09-25,19,0,.6
642,문화,2019-09-26,21.2,0,.7
642,문화,2019-09-27,23,0,.7
642,문화,2019-09-28,24.6,0,.6
642,문화,2019-09-29,23.6,0,.6
642,문화,2019-09-30,23,0,.3
642,문화,2019-10-01,22.5,0,.1
642,문화,2019-10-02,21.6,76,.7
642,문화,2019-10-03,22.7,13,1.2
642,문화,2019-10-04,22.9,0,1.1
642,문화,2019-10-05,19.4,0,1.6
642,문화,2019-10-06,18.4,0,1.6
642,문화,2019-10-07,15.7,13,.7
642,문화,2019-10-08,16.5,0,1.4
642,문화,2019-10-09,13.6,0,.5
642,문화,2019-10-10,14.7,0,.6
642,문화,2019-10-11,17.8,0,.6
642,문화,2019-10-12,18.6,0,1.2
642,문화,2019-10-13,16.9,0,1.1
642,문화,2019-10-14,15,0,1
642,문화,2019-10-15,14.2,0,1
642,문화,2019-10-16,14.5,0,.6
642,문화,2019-10-17,14.9,0,.9
642,문화,2019-10-18,16.4,0,.9
642,문화,2019-10-19,16.8,0,.6
642,문화,2019-10-20,15.6,0,.3
642,문화,2019-10-21,15.8,0,.6
642,문화,2019-10-22,16.9,0,.7
642,문화,2019-10-23,16.8,0,.8
642,문화,2019-10-24,18.9,0,1.4
642,문화,2019-10-25,17.6,0,.9
642,문화,2019-10-26,13.2,0,1.6
642,문화,2019-10-27,11.2,0,.8
642,문화,2019-10-28,12,0,.9
642,문화,2019-10-29,14.6,.5,1.5
642,문화,2019-10-30,11.5,0,.6
642,문화,2019-10-31,13.1,0,.9
642,문화,2019-11-01,15.4,0,.6
642,문화,2019-11-02,13.7,0,.2
642,문화,2019-11-03,14.6,0,.6
642,문화,2019-11-04,13.7,0,.5
642,문화,2019-11-05,12.2,0,.7
642,문화,2019-11-06,11.9,0,.8
642,문화,2019-11-07,11.2,0,1
642,문화,2019-11-08,7.2,0,.6
642,문화,2019-11-09,8.2,0,.4
642,문화,2019-11-10,9.3,9.5,.7
642,문화,2019-11-11,12.8,.5,1.8
642,문화,2019-11-12,9.8,0,.3
642,문화,2019-11-13,9,2,1
642,문화,2019-11-14,3.2,0,1.8
642,문화,2019-11-15,9.9,0,1.8
642,문화,2019-11-16,13.1,1.5,.9
642,문화,2019-11-17,10.1,47.5,.4
642,문화,2019-11-18,8.2,16.5,2.1
642,문화,2019-11-19,3,0,1.3
642,문화,2019-11-20,2.6,0,.4
642,문화,2019-11-21,4.6,0,.4
642,문화,2019-11-22,9.8,0,.5
642,문화,2019-11-23,11.3,0,.3
642,문화,2019-11-24,13.1,0,1
642,문화,2019-11-25,4.1,0,1.6
642,문화,2019-11-26,8.1,0,.4
642,문화,2019-11-27,6.3,0,1.4
642,문화,2019-11-28,5.3,0,.8
642,문화,2019-11-29,3.2,0,.2
642,문화,2019-11-30,4.8,0,.3
642,문화,2019-12-01,6.3,10.5,.1
642,문화,2019-12-02,3.3,0,1.9
642,문화,2019-12-03,2.6,0,.9
642,문화,2019-12-04,6,0,.9
642,문화,2019-12-05,.1,0,2
642,문화,2019-12-06,-3.8,0,1
642,문화,2019-12-07,.4,0,.5
642,문화,2019-12-08,1.3,0,.2
642,문화,2019-12-09,3.1,0,.2
642,문화,2019-12-10,7.4,0,.5
642,문화,2019-12-11,8.1,0,1.8
642,문화,2019-12-12,2,0,1.3
642,문화,2019-12-13,1.1,0,.5
642,문화,2019-12-14,4.5,0,1.1
642,문화,2019-12-15,5.1,0,.4
642,문화,2019-12-16,7.7,0,.5
642,문화,2019-12-17,7.9,2,.7
642,문화,2019-12-18,3.3,0,1
642,문화,2019-12-19,1.4,0,1
642,문화,2019-12-20,1.3,0,1
642,문화,2019-12-21,.6,0,.5
642,문화,2019-12-22,3.3,0,.5
642,문화,2019-12-23,4.3,0,1.2
642,문화,2019-12-24,1.6,0,.6
642,문화,2019-12-25,3,0,.6
642,문화,2019-12-26,3,1.5,1.3
642,문화,2019-12-27,.7,0,1.3
642,문화,2019-12-28,.7,0,.5
642,문화,2019-12-29,2.4,9,.5
642,문화,2019-12-30,4.5,.5,1.1
642,문화,2019-12-31,-4.2,0,2.2
643,세천,2017-01-01,1.5,0,.4
643,세천,2017-01-02,3.2,0,.8
643,세천,2017-01-03,.5,0,.6
643,세천,2017-01-04,1.6,0,.4
643,세천,2017-01-05,3.4,0,1.1
643,세천,2017-01-06,4.3,0,1.1
643,세천,2017-01-07,2.3,0,.6
643,세천,2017-01-08,8.1,0,1.1
643,세천,2017-01-09,2.9,0,1.6
643,세천,2017-01-10,-1.6,0,1.2
643,세천,2017-01-11,-4.6,0,1.1
643,세천,2017-01-12,-2.2,0,.9
643,세천,2017-01-13,-4.8,.5,1
643,세천,2017-01-14,-6.7,0,2
643,세천,2017-01-15,-8.2,0,.7
643,세천,2017-01-16,-6.8,0,.3
643,세천,2017-01-17,-5.1,0,.3
643,세천,2017-01-18,-2.1,0,.2
643,세천,2017-01-19,-2.2,0,.5
643,세천,2017-01-20,-3.2,2.5,1
643,세천,2017-01-21,-4.2,.5,.8
643,세천,2017-01-22,-5.6,0,1.8
643,세천,2017-01-23,-8.1,0,1
643,세천,2017-01-24,-7.7,0,.5
643,세천,2017-01-25,-7.1,0,.6
643,세천,2017-01-26,-3.6,0,.5
643,세천,2017-01-27,-.2,1,1.6
643,세천,2017-01-28,-2.2,0,.5
643,세천,2017-01-29,2.1,4.5,.7
643,세천,2017-01-30,-3.5,1.5,1.4
643,세천,2017-01-31,-6.1,0,.4
643,세천,2017-02-01,-3.6,0,1
643,세천,2017-02-02,-3.9,0,.7
643,세천,2017-02-03,-.7,0,.5
643,세천,2017-02-04,.8,0,.4
643,세천,2017-02-05,1.9,1,.8
643,세천,2017-02-06,-1,0,1.5
643,세천,2017-02-07,-2.5,0,.4
643,세천,2017-02-08,-1.4,0,1
643,세천,2017-02-09,-3.6,0,2
643,세천,2017-02-10,-5.3,0,1.9
643,세천,2017-02-11,-3.8,0,1.4
643,세천,2017-02-12,-2,0,1
643,세천,2017-02-13,-1.4,.5,.6
643,세천,2017-02-14,-.4,0,.7
643,세천,2017-02-15,-.3,0,.4
643,세천,2017-02-16,5.4,3,.8
643,세천,2017-02-17,3.3,3.5,2
643,세천,2017-02-18,-2.4,0,1.3
643,세천,2017-02-19,1.6,2,.9
643,세천,2017-02-20,.4,17,2.1
643,세천,2017-02-21,-.9,0,.6
643,세천,2017-02-22,3.1,13,1.2
643,세천,2017-02-23,.6,0,2
643,세천,2017-02-24,-.5,0,1.1
643,세천,2017-02-25,1.7,0,1
643,세천,2017-02-26,2.7,0,.7
643,세천,2017-02-27,2.1,0,.6
643,세천,2017-02-28,3.3,0,.6
643,세천,2017-03-01,5.3,1,.8
643,세천,2017-03-02,2.6,2,1.7
643,세천,2017-03-03,2.2,0,.7
643,세천,2017-03-04,4.3,0,.7
643,세천,2017-03-05,5.6,0,.9
643,세천,2017-03-06,1.7,0,2.2
643,세천,2017-03-07,-.4,1,1.7
643,세천,2017-03-08,1,0,1.5
643,세천,2017-03-09,3.9,0,2.2
643,세천,2017-03-10,3.7,0,1
643,세천,2017-03-11,5.2,0,.6
643,세천,2017-03-12,7.1,0,.7
643,세천,2017-03-13,6.4,0,.9
643,세천,2017-03-14,4,0,1.2
643,세천,2017-03-15,3.9,0,.6
643,세천,2017-03-16,4.6,0,1
643,세천,2017-03-17,5.4,0,.6
643,세천,2017-03-18,7.2,0,.8
643,세천,2017-03-19,7.5,0,.6
643,세천,2017-03-20,7.4,0,.8
643,세천,2017-03-21,6.9,.5,1.4
643,세천,2017-03-22,6.4,0,.8
643,세천,2017-03-23,7.6,0,.8
643,세천,2017-03-24,8.1,0,.9
643,세천,2017-03-25,6.6,3.5,1.2
643,세천,2017-03-26,5.8,.5,.8
643,세천,2017-03-27,4.6,1,.8
643,세천,2017-03-28,7.2,.5,1
643,세천,2017-03-29,8.4,1,1
643,세천,2017-03-30,9.5,0,.7
643,세천,2017-03-31,9.4,7.5,1.1
643,세천,2017-04-01,7.4,2,.8
643,세천,2017-04-02,7.8,0,1.1
643,세천,2017-04-03,10.1,0,1.3
643,세천,2017-04-04,12.5,0,.8
643,세천,2017-04-05,11.9,11,.9
643,세천,2017-04-06,13.3,12,1.2
643,세천,2017-04-07,15.6,0,.9
643,세천,2017-04-08,15,0,.9
643,세천,2017-04-09,13.5,0,1.6
643,세천,2017-04-10,14.4,0,2.1
643,세천,2017-04-11,11.8,12,1.4
643,세천,2017-04-12,11.3,0,1.8
643,세천,2017-04-13,12.3,0,1.7
643,세천,2017-04-14,14.3,0,1.8
643,세천,2017-04-15,16.4,0,1.2
643,세천,2017-04-16,17.1,0,.7
643,세천,2017-04-17,12.3,25,.6
643,세천,2017-04-18,13.7,1,1.6
643,세천,2017-04-19,12.2,0,1.8
643,세천,2017-04-20,9.6,2,.5
643,세천,2017-04-21,11.4,0,.8
643,세천,2017-04-22,12.6,0,.8
643,세천,2017-04-23,13.4,0,1.1
643,세천,2017-04-24,13.3,0,1.2
643,세천,2017-04-25,15.8,0,1.1
643,세천,2017-04-26,14.1,.5,1.4
643,세천,2017-04-27,12.1,0,1.6
643,세천,2017-04-28,14.3,0,2
643,세천,2017-04-29,15.7,0,1.4
643,세천,2017-04-30,18.8,0,1.6
643,세천,2017-05-01,18.4,0,1
643,세천,2017-05-02,17.9,0,1
643,세천,2017-05-03,18.5,0,.8
643,세천,2017-05-04,19.4,0,.7
643,세천,2017-05-05,19.9,1,1.1
643,세천,2017-05-06,15.5,0,1.8
643,세천,2017-05-07,16,0,1.6
643,세천,2017-05-08,15.8,0,.9
643,세천,2017-05-09,14.3,6,1.2
643,세천,2017-05-10,14.6,2,1.1
643,세천,2017-05-11,17.1,4,.9
643,세천,2017-05-12,17.7,0,.5
643,세천,2017-05-13,17.4,0,1.4
643,세천,2017-05-14,15.8,0,1.7
643,세천,2017-05-15,16.2,0,1.9
643,세천,2017-05-16,15.3,0,.9
643,세천,2017-05-17,16.6,0,.7
643,세천,2017-05-18,18.3,0,.8
643,세천,2017-05-19,19.3,0,1.1
643,세천,2017-05-20,18.6,0,.9
643,세천,2017-05-21,18.9,0,.8
643,세천,2017-05-22,19.4,0,.8
643,세천,2017-05-23,19,0,.6
643,세천,2017-05-24,18.8,5,.6
643,세천,2017-05-25,18.8,0,1.7
643,세천,2017-05-26,14.8,0,1.3
643,세천,2017-05-27,16.8,0,.9
643,세천,2017-05-28,19.9,0,1.5
643,세천,2017-05-29,22.6,0,1.4
643,세천,2017-05-30,21.1,0,.8
643,세천,2017-05-31,19.3,6,.6
643,세천,2017-06-01,21,0,1.4
643,세천,2017-06-02,18,0,1
643,세천,2017-06-03,19.1,0,1.4
643,세천,2017-06-04,18.2,0,.8
643,세천,2017-06-05,20.5,0,1
643,세천,2017-06-06,17.5,8.5,1.5
643,세천,2017-06-07,,2.5,
643,세천,2017-06-08,,0,
643,세천,2017-06-09,21.2,0,1.5
643,세천,2017-06-10,21.6,0,1.5
643,세천,2017-06-11,21.7,0,1.2
643,세천,2017-06-12,20.6,0,1.2
643,세천,2017-06-13,20.2,0,1.4
643,세천,2017-06-14,20.3,0,1.1
643,세천,2017-06-15,21.4,0,1.3
643,세천,2017-06-16,23,0,1
643,세천,2017-06-17,22.4,0,1
643,세천,2017-06-18,23.2,0,.9
643,세천,2017-06-19,23.9,0,.9
643,세천,2017-06-20,23.2,0,.7
643,세천,2017-06-21,23.7,0,1.3
643,세천,2017-06-22,23.3,0,.9
643,세천,2017-06-23,25.9,0,1
643,세천,2017-06-24,22.7,3.5,.7
643,세천,2017-06-25,23.6,0,1
643,세천,2017-06-26,22.3,3,1
643,세천,2017-06-27,23.2,32,1
643,세천,2017-06-28,24.5,1,1
643,세천,2017-06-29,24.2,0,.6
643,세천,2017-06-30,25.5,0,.8
643,세천,2017-07-01,22.8,20.5,.5
643,세천,2017-07-02,24.3,28.5,.5
643,세천,2017-07-03,24.8,64,1.3
643,세천,2017-07-04,25.4,24.5,.9
643,세천,2017-07-05,25.9,0,.7
643,세천,2017-07-06,24.8,3.5,.7
643,세천,2017-07-07,25.8,1,.7
643,세천,2017-07-08,25.2,45,.6
643,세천,2017-07-09,26.1,40,.8
643,세천,2017-07-10,25.8,12,.8
643,세천,2017-07-11,26.7,16.5,1.5
643,세천,2017-07-12,26.3,0,.7
643,세천,2017-07-13,25.6,0,.6
643,세천,2017-07-14,25.6,13,.8
643,세천,2017-07-15,24.3,21.5,.8
643,세천,2017-07-16,26.2,0,1
643,세천,2017-07-17,24.6,4.5,.6
643,세천,2017-07-18,24.8,9.5,.6
643,세천,2017-07-19,26.5,0,.7
643,세천,2017-07-20,27.5,0,.6
643,세천,2017-07-21,28.3,0,.8
643,세천,2017-07-22,28.4,0,.7
643,세천,2017-07-23,26.5,1,.5
643,세천,2017-07-24,27.6,.5,.7
643,세천,2017-07-25,27.2,17,1.1
643,세천,2017-07-26,26,0,1.6
643,세천,2017-07-27,25.7,0,1
643,세천,2017-07-28,26.9,.5,.7
643,세천,2017-07-29,25.6,.5,1.3
643,세천,2017-07-30,25.9,14,1.1
643,세천,2017-07-31,23.7,35.5,.6
643,세천,2017-08-01,25.8,5.5,.7
643,세천,2017-08-02,27.6,0,.8
643,세천,2017-08-03,26.6,0,1.2
643,세천,2017-08-04,27.6,0,1
643,세천,2017-08-05,29.4,0,.8
643,세천,2017-08-06,29.3,1,1
643,세천,2017-08-07,27.2,0,.8
643,세천,2017-08-08,26.1,0,.6
643,세천,2017-08-09,24,13,.7
643,세천,2017-08-10,25.4,25.5,.6
643,세천,2017-08-11,25.2,.5,.7
643,세천,2017-08-12,25.5,0,.8
643,세천,2017-08-13,23.6,.5,1.5
643,세천,2017-08-14,22.1,70.5,1.9
643,세천,2017-08-15,22.7,32.5,1.6
643,세천,2017-08-16,23.9,40.5,1
643,세천,2017-08-17,23.9,9,.8
643,세천,2017-08-18,24.7,0,.5
643,세천,2017-08-19,24.4,1.5,.8
643,세천,2017-08-20,25.3,5.5,1.5
643,세천,2017-08-21,24,32,.7
643,세천,2017-08-22,26.3,1,.6
643,세천,2017-08-23,27.5,1,1
643,세천,2017-08-24,27.1,44.5,1.4
643,세천,2017-08-25,24.7,0,.7
643,세천,2017-08-26,21.5,0,.7
643,세천,2017-08-27,21.7,0,.6
643,세천,2017-08-28,23.9,30,.6
643,세천,2017-08-29,20.1,0,1.3
643,세천,2017-08-30,16.9,.5,.5
643,세천,2017-08-31,19.8,0,.8
643,세천,2017-09-01,19.8,0,.7
643,세천,2017-09-02,19.2,0,.8
643,세천,2017-09-03,20,0,.7
643,세천,2017-09-04,20.3,0,.8
643,세천,2017-09-05,20.2,.5,.7
643,세천,2017-09-06,20.1,1.5,.5
643,세천,2017-09-07,20.7,0,.6
643,세천,2017-09-08,21.3,0,.5
643,세천,2017-09-09,20.4,0,.5
643,세천,2017-09-10,20.9,0,.5
643,세천,2017-09-11,19.7,62,.8
643,세천,2017-09-12,20.5,0,.6
643,세천,2017-09-13,17.9,0,.5
643,세천,2017-09-14,18.5,0,.7
643,세천,2017-09-15,20.4,0,1.9
643,세천,2017-09-16,20.7,0,1.9
643,세천,2017-09-17,19.9,0,1
643,세천,2017-09-18,19.5,0,.8
643,세천,2017-09-19,22,0,1.1
643,세천,2017-09-20,17.9,1.5,1
643,세천,2017-09-21,16.1,0,.5
643,세천,2017-09-22,18,0,.6
643,세천,2017-09-23,18.8,0,.5
643,세천,2017-09-24,20.8,0,.6
643,세천,2017-09-25,20.9,0,.6
643,세천,2017-09-26,21.8,0,.8
643,세천,2017-09-27,17.7,34.5,.7
643,세천,2017-09-28,18.7,0,1.1
643,세천,2017-09-29,13.4,0,.5
643,세천,2017-09-30,14.8,0,.4
643,세천,2017-10-01,15.1,9,.8
643,세천,2017-10-02,18.1,3,.6
643,세천,2017-10-03,16.7,0,.6
643,세천,2017-10-04,16.4,0,.7
643,세천,2017-10-05,16.9,0,1.3
643,세천,2017-10-06,15.5,1.5,.7
643,세천,2017-10-07,18.5,1,.6
643,세천,2017-10-08,19.3,0,.6
643,세천,2017-10-09,19.8,0,.5
643,세천,2017-10-10,20.7,0,.4
643,세천,2017-10-11,16.7,10.5,.8
643,세천,2017-10-12,11.7,2.5,.4
643,세천,2017-10-13,10.2,0,.6
643,세천,2017-10-14,11.9,0,.7
643,세천,2017-10-15,13.8,0,.9
643,세천,2017-10-16,14.2,0,.7
643,세천,2017-10-17,13.4,0,.6
643,세천,2017-10-18,15.5,0,1.4
643,세천,2017-10-19,15.1,0,.9
643,세천,2017-10-20,13.6,0,.6
643,세천,2017-10-21,13,0,.6
643,세천,2017-10-22,13.9,0,.8
643,세천,2017-10-23,10.7,0,.7
643,세천,2017-10-24,10.2,0,.5
643,세천,2017-10-25,9.8,0,.4
643,세천,2017-10-26,11,0,.4
643,세천,2017-10-27,12.6,0,.4
643,세천,2017-10-28,13.8,0,.6
643,세천,2017-10-29,10.3,0,1.2
643,세천,2017-10-30,4.7,0,.7
643,세천,2017-10-31,6.3,0,.4
643,세천,2017-11-01,11.3,0,.7
643,세천,2017-11-02,12,0,.4
643,세천,2017-11-03,10.6,0,.9
643,세천,2017-11-04,6.3,0,.8
643,세천,2017-11-05,5.1,0,.4
643,세천,2017-11-06,6.9,0,.4
643,세천,2017-11-07,12,0,.5
643,세천,2017-11-08,13.6,0,1
643,세천,2017-11-09,6.3,0,.4
643,세천,2017-11-10,9.1,2.5,1.4
643,세천,2017-11-11,4.1,0,1
643,세천,2017-11-12,3,0,.4
643,세천,2017-11-13,5.9,0,.4
643,세천,2017-11-14,7.3,0,1
643,세천,2017-11-15,4.6,0,1.3
643,세천,2017-11-16,.7,0,.6
643,세천,2017-11-17,3.7,0,.6
643,세천,2017-11-18,.1,0,2.1
643,세천,2017-11-19,-1.3,0,.8
643,세천,2017-11-20,2.6,0,.9
643,세천,2017-11-21,.2,0,.4
643,세천,2017-11-22,4.4,0,.8
643,세천,2017-11-23,-.4,1,.7
643,세천,2017-11-24,.1,6.5,.5
643,세천,2017-11-25,5.1,0,1.1
643,세천,2017-11-26,5.8,2.5,1.1
643,세천,2017-11-27,1.4,0,.4
643,세천,2017-11-28,4.2,0,.5
643,세천,2017-11-29,6,0,1.3
643,세천,2017-11-30,-1.2,0,1.1
643,세천,2017-12-01,-2.5,0,.7
643,세천,2017-12-02,-.4,0,.3
643,세천,2017-12-03,3.9,0,.4
643,세천,2017-12-04,1.7,0,1.7
643,세천,2017-12-05,-4.1,0,1.2
643,세천,2017-12-06,-.2,1,.5
643,세천,2017-12-07,2.5,2,.9
643,세천,2017-12-08,-2.1,0,1.3
643,세천,2017-12-09,.1,0,.4
643,세천,2017-12-10,3,2,1.2
643,세천,2017-12-11,-4.7,0,1.8
643,세천,2017-12-12,-8.2,0,.9
643,세천,2017-12-13,-7.7,0,.7
643,세천,2017-12-14,-6.5,0,.3
643,세천,2017-12-15,-2.4,0,.5
643,세천,2017-12-16,-2.6,0,1.9
643,세천,2017-12-17,-7.1,0,.7
643,세천,2017-12-18,-.5,0,.8
643,세천,2017-12-19,-3.4,0,1.2
643,세천,2017-12-20,-2.5,.5,.4
643,세천,2017-12-21,-2.1,0,.5
643,세천,2017-12-22,0,0,.5
643,세천,2017-12-23,1.9,0,.3
643,세천,2017-12-24,2.8,17,.8
643,세천,2017-12-25,-1,0,1.3
643,세천,2017-12-26,-1.5,.5,1.4
643,세천,2017-12-27,-6.6,0,.7
643,세천,2017-12-28,-2.8,0,.4
643,세천,2017-12-29,2.1,0,.6
643,세천,2017-12-30,2.4,.5,.5
643,세천,2017-12-31,.6,1.5,1.2
643,세천,2018-01-01,-2.6,0,.6
643,세천,2018-01-02,-2.1,0,.5
643,세천,2018-01-03,-3.7,0,.8
643,세천,2018-01-04,-3.6,0,.4
643,세천,2018-01-05,-1.9,0,.7
643,세천,2018-01-06,-3,0,.5
643,세천,2018-01-07,-1.8,0,.6
643,세천,2018-01-08,1.2,2,.9
643,세천,2018-01-09,-2.1,2,1.3
643,세천,2018-01-10,-5.7,1,1.1
643,세천,2018-01-11,-10.1,0,1
643,세천,2018-01-12,-9.8,0,.8
643,세천,2018-01-13,-3.5,0,.3
643,세천,2018-01-14,-1.2,0,.5
643,세천,2018-01-15,3.3,0,.7
643,세천,2018-01-16,2.7,3.5,.5
643,세천,2018-01-17,3.2,8,.5
643,세천,2018-01-18,2.5,0,.7
643,세천,2018-01-19,-1.9,0,.3
643,세천,2018-01-20,-1.2,0,.4
643,세천,2018-01-21,-.8,0,.4
643,세천,2018-01-22,2.4,1,1.1
643,세천,2018-01-23,-7.4,0,2.3
643,세천,2018-01-24,-12.4,0,1.8
643,세천,2018-01-25,-11.5,0,1.4
643,세천,2018-01-26,-12.6,0,1.4
643,세천,2018-01-27,-9.6,0,.4
643,세천,2018-01-28,-4.2,0,1.4
643,세천,2018-01-29,-8,0,1.2
643,세천,2018-01-30,-6.1,0,.8
643,세천,2018-01-31,-2.2,0,.6
643,세천,2018-02-01,-4.5,0,.6
643,세천,2018-02-02,-5.2,0,.5
643,세천,2018-02-03,-5.5,0,1.9
643,세천,2018-02-04,-8.1,0,1.3
643,세천,2018-02-05,-8.5,0,1.5
643,세천,2018-02-06,-9.3,0,1.3
643,세천,2018-02-07,-9.6,0,.5
643,세천,2018-02-08,-6.6,0,.5
643,세천,2018-02-09,.3,0,.7
643,세천,2018-02-10,-.1,0,1.4
643,세천,2018-02-11,-4.5,0,1.5
643,세천,2018-02-12,-5.6,1,1.3
643,세천,2018-02-13,-2.6,1,1.2
643,세천,2018-02-14,2.8,0,1.3
643,세천,2018-02-15,-.7,0,.8
643,세천,2018-02-16,-1,0,.7
643,세천,2018-02-17,-1.6,0,1.4
643,세천,2018-02-18,-1.6,0,.4
643,세천,2018-02-19,.3,0,.5
643,세천,2018-02-20,.6,0,.7
643,세천,2018-02-21,-1.9,0,.8
643,세천,2018-02-22,-1.7,0,.9
643,세천,2018-02-23,4.9,2,1.2
643,세천,2018-02-24,4.6,0,.9
643,세천,2018-02-25,2.5,0,.7
643,세천,2018-02-26,1.3,0,.6
643,세천,2018-02-27,3.9,0,.6
643,세천,2018-02-28,4.3,35,1.6
643,세천,2018-03-01,1.8,1.5,2
643,세천,2018-03-02,-.5,0,.8
643,세천,2018-03-03,6.2,0,.7
643,세천,2018-03-04,13.7,9,1
643,세천,2018-03-05,6,12,1.2
643,세천,2018-03-06,3.8,0,.7
643,세천,2018-03-07,5.2,3.5,1.7
643,세천,2018-03-08,2,11,.3
643,세천,2018-03-09,2.1,0,.5
643,세천,2018-03-10,3,0,1
643,세천,2018-03-11,6.7,0,.7
643,세천,2018-03-12,6.6,0,.7
643,세천,2018-03-13,10.7,0,1.1
643,세천,2018-03-14,13.9,0,.9
643,세천,2018-03-15,12.5,18.5,.7
643,세천,2018-03-16,5.4,1,1.5
643,세천,2018-03-17,6.1,0,1.2
643,세천,2018-03-18,6.6,5.5,.7
643,세천,2018-03-19,8.1,15,2.7
643,세천,2018-03-20,5.6,0,3
643,세천,2018-03-21,.6,14.5,.7
643,세천,2018-03-22,3.9,.5,1
643,세천,2018-03-23,4.7,0,.8
643,세천,2018-03-24,7.1,0,1.1
643,세천,2018-03-25,9.3,0,1
643,세천,2018-03-26,10.4,0,.9
643,세천,2018-03-27,12.4,0,1.2
643,세천,2018-03-28,13.4,0,1.3
643,세천,2018-03-29,14.2,0,.6
643,세천,2018-03-30,13.7,0,1.3
643,세천,2018-03-31,14,0,1.2
643,세천,2018-04-01,14.4,0,.9
643,세천,2018-04-02,16.7,0,1.1
643,세천,2018-04-03,17.6,0,1
643,세천,2018-04-04,12.1,16.5,1.2
643,세천,2018-04-05,7.7,18.5,1.7
643,세천,2018-04-06,7.3,19,1.9
643,세천,2018-04-07,4.9,0,2.5
643,세천,2018-04-08,7.5,0,2.1
643,세천,2018-04-09,10.2,0,1
643,세천,2018-04-10,15.7,.5,1.8
643,세천,2018-04-11,14.9,6.5,2.1
643,세천,2018-04-12,12.1,0,1.2
643,세천,2018-04-13,12.1,0,1.6
643,세천,2018-04-14,8.7,28.5,1.5
643,세천,2018-04-15,9.4,0,1.8
643,세천,2018-04-16,9.9,0,.9
643,세천,2018-04-17,12,0,.8
643,세천,2018-04-18,11.8,0,.9
643,세천,2018-04-19,13.1,0,1.1
643,세천,2018-04-20,17.6,0,.9
643,세천,2018-04-21,17.5,0,1.1
643,세천,2018-04-22,15,1,1.2
643,세천,2018-04-23,11,32.5,3.1
643,세천,2018-04-24,11.4,9,1.3
643,세천,2018-04-25,12,0,.7
643,세천,2018-04-26,13.5,0,.9
643,세천,2018-04-27,14.3,0,1
643,세천,2018-04-28,13.8,0,1.1
643,세천,2018-04-29,14.7,0,1
643,세천,2018-04-30,18.7,0,.8
643,세천,2018-05-01,19.5,.5,.7
643,세천,2018-05-02,16.9,10.5,1.6
643,세천,2018-05-03,11.8,0,2.4
643,세천,2018-05-04,14.1,0,2.2
643,세천,2018-05-05,16.3,0,1.1
643,세천,2018-05-06,15.1,15.5,.8
643,세천,2018-05-07,16.1,5.5,.8
643,세천,2018-05-08,15.8,0,2
643,세천,2018-05-09,13.6,0,1.1
643,세천,2018-05-10,15.2,0,1.1
643,세천,2018-05-11,15.8,0,.9
643,세천,2018-05-12,14.6,15.5,.5
643,세천,2018-05-13,16.9,2,1.1
643,세천,2018-05-14,18.5,0,.8
643,세천,2018-05-15,20.9,0,.6
643,세천,2018-05-16,24,0,.9
643,세천,2018-05-17,24.6,1,.7
643,세천,2018-05-18,19.9,3,1.2
643,세천,2018-05-19,16.3,1,1.7
643,세천,2018-05-20,15.9,0,2
643,세천,2018-05-21,16.2,0,1.6
643,세천,2018-05-22,17.6,6,.8
643,세천,2018-05-23,17.3,21,1.1
643,세천,2018-05-24,16.8,0,1.1
643,세천,2018-05-25,17.2,0,.5
643,세천,2018-05-26,19.5,0,.7
643,세천,2018-05-27,18.5,0,.5
643,세천,2018-05-28,21,0,.9
643,세천,2018-05-29,21.5,0,.8
643,세천,2018-05-30,21.7,0,1.2
643,세천,2018-05-31,18.8,0,1
643,세천,2018-06-01,21.1,0,.8
643,세천,2018-06-02,20.7,0,.7
643,세천,2018-06-03,21,0,.6
643,세천,2018-06-04,21.8,0,.8
643,세천,2018-06-05,21.6,0,.7
643,세천,2018-06-06,22.3,0,.7
643,세천,2018-06-07,22.8,0,.8
643,세천,2018-06-08,20.7,0,.8
643,세천,2018-06-09,21.2,.5,1.5
643,세천,2018-06-10,20.2,0,1.9
643,세천,2018-06-11,19.1,0,1
643,세천,2018-06-12,19.9,0,.8
643,세천,2018-06-13,21.1,0,.8
643,세천,2018-06-14,21.5,0,1.7
643,세천,2018-06-15,20,0,1.7
643,세천,2018-06-16,20.1,0,1.3
643,세천,2018-06-17,21.5,0,.7
643,세천,2018-06-18,24,0,.9
643,세천,2018-06-19,19.9,2.5,.5
643,세천,2018-06-20,22,0,.7
643,세천,2018-06-21,21.8,0,1
643,세천,2018-06-22,22.1,0,.6
643,세천,2018-06-23,22.9,0,1.3
643,세천,2018-06-24,25,0,1.1
643,세천,2018-06-25,23.6,0,.6
643,세천,2018-06-26,23.1,29,1
643,세천,2018-06-27,25.1,55,1.5
643,세천,2018-06-28,23.8,0,.8
643,세천,2018-06-29,24.3,7,.8
643,세천,2018-06-30,23.9,0,.7
643,세천,2018-07-01,21.2,99,1
643,세천,2018-07-02,21.9,52,.9
643,세천,2018-07-03,24.9,0,1.3
643,세천,2018-07-04,25.7,0,1
643,세천,2018-07-05,24.9,11,.8
643,세천,2018-07-06,21.5,17,1.6
643,세천,2018-07-07,21.4,0,1.4
643,세천,2018-07-08,21,0,1.4
643,세천,2018-07-09,,26,1.3
643,세천,2018-07-11,27,0,.6
643,세천,2018-07-12,27.3,0,.6
643,세천,2018-07-13,27.4,0,.7
643,세천,2018-07-14,27.1,0,.7
643,세천,2018-07-15,27.5,0,.7
643,세천,2018-07-16,27.1,0,.7
643,세천,2018-07-17,27,0,.8
643,세천,2018-07-18,26.7,0,.7
643,세천,2018-07-19,27.2,0,.7
643,세천,2018-07-20,27.5,0,.7
643,세천,2018-07-21,28.8,0,.7
643,세천,2018-07-22,28.3,0,.6
643,세천,2018-07-23,28.3,0,.7
643,세천,2018-07-24,29.3,0,.6
643,세천,2018-07-25,28.9,0,.9
643,세천,2018-07-26,28.4,0,.8
643,세천,2018-07-27,29,0,.7
643,세천,2018-07-28,28,1,.7
643,세천,2018-07-29,28.7,0,1
643,세천,2018-07-30,28.2,0,.9
643,세천,2018-07-31,28.6,0,1
643,세천,2018-08-01,29.8,0,.8
643,세천,2018-08-02,29.8,0,1
643,세천,2018-08-03,30.1,0,.8
643,세천,2018-08-04,29.2,0,.9
643,세천,2018-08-05,28.4,0,.9
643,세천,2018-08-06,28.8,0,.7
643,세천,2018-08-07,29.8,0,1.1
643,세천,2018-08-08,29.4,0,.9
643,세천,2018-08-09,28.4,6,.7
643,세천,2018-08-10,28.8,.5,.9
643,세천,2018-08-11,28.3,0,1.4
643,세천,2018-08-12,28.3,0,1
643,세천,2018-08-13,28.2,1.5,.7
643,세천,2018-08-14,29.5,0,.8
643,세천,2018-08-15,30.6,0,1
643,세천,2018-08-16,27.9,0,1.7
643,세천,2018-08-17,25.8,0,2.6
643,세천,2018-08-18,23.9,0,1.3
643,세천,2018-08-19,25.4,0,1
643,세천,2018-08-20,27.4,0,1
643,세천,2018-08-21,26.5,0,1.1
643,세천,2018-08-22,29.2,0,1.3
643,세천,2018-08-23,27.7,4,1.9
643,세천,2018-08-24,24.5,20,1.8
643,세천,2018-08-25,24.1,0,.7
643,세천,2018-08-26,19.9,110,1
643,세천,2018-08-27,23,66,.7
643,세천,2018-08-28,25.5,37.5,.5
643,세천,2018-08-29,26.5,0,.8
643,세천,2018-08-30,25.5,64,.9
643,세천,2018-08-31,21.1,39.5,.6
643,세천,2018-09-01,24,0,1.4
643,세천,2018-09-02,22.7,0,1.4
643,세천,2018-09-03,24,52.5,1
643,세천,2018-09-04,22.7,25.5,1.1
643,세천,2018-09-05,21.6,0,1
643,세천,2018-09-06,21.8,0,.6
643,세천,2018-09-07,20.5,1,.9
643,세천,2018-09-08,18.3,0,.6
643,세천,2018-09-09,18.9,0,.6
643,세천,2018-09-10,19.5,0,1
643,세천,2018-09-11,18.8,0,1.3
643,세천,2018-09-12,20.1,0,.9
643,세천,2018-09-13,20.6,0,1.1
643,세천,2018-09-14,21.3,7.5,1.3
643,세천,2018-09-15,21.5,2,.8
643,세천,2018-09-16,21.4,0,.3
643,세천,2018-09-17,20.7,0,.5
643,세천,2018-09-18,19.1,0,.6
643,세천,2018-09-19,19.4,0,.4
643,세천,2018-09-20,20.1,.5,1.1
643,세천,2018-09-21,18.8,28.5,.9
643,세천,2018-09-22,18.7,0,.7
643,세천,2018-09-23,17.1,0,.7
643,세천,2018-09-24,14.7,0,.6
643,세천,2018-09-25,14.7,0,.7
643,세천,2018-09-26,16.9,0,1.1
643,세천,2018-09-27,15.8,0,.7
643,세천,2018-09-28,16,0,.8
643,세천,2018-09-29,18,0,.8
643,세천,2018-09-30,17.4,0,1.3
643,세천,2018-10-01,14,2,1.1
643,세천,2018-10-02,13.7,0,.5
643,세천,2018-10-03,12.9,0,.5
643,세천,2018-10-04,17.6,0,1.3
643,세천,2018-10-05,17.3,46.5,1.7
643,세천,2018-10-06,17.4,34.5,1.4
643,세천,2018-10-07,15.9,0,.7
643,세천,2018-10-08,11.6,0,.4
643,세천,2018-10-09,13.2,0,.6
643,세천,2018-10-10,12.4,0,1.3
643,세천,2018-10-11,9.1,0,1.1
643,세천,2018-10-12,8.1,0,.5
643,세천,2018-10-13,9,0,.4
643,세천,2018-10-14,10.8,0,.5
643,세천,2018-10-15,11.7,0,.3
643,세천,2018-10-16,11.4,0,.3
643,세천,2018-10-17,10.3,0,.5
643,세천,2018-10-18,9.4,0,.6
643,세천,2018-10-19,9.9,0,.5
643,세천,2018-10-20,9.5,0,.3
643,세천,2018-10-21,9.2,0,.3
643,세천,2018-10-22,11.2,0,.4
643,세천,2018-10-23,11.2,.5,.6
643,세천,2018-10-24,10.3,0,.5
643,세천,2018-10-25,10.5,0,.5
643,세천,2018-10-26,10.7,15,.6
643,세천,2018-10-27,9.3,.5,1.5
643,세천,2018-10-28,8.4,12.5,.8
643,세천,2018-10-29,8,0,.6
643,세천,2018-10-30,4.7,0,.6
643,세천,2018-10-31,6.4,0,.6
643,세천,2018-11-01,4.9,0,.4
643,세천,2018-11-02,6.3,0,.3
643,세천,2018-11-03,7.2,0,.4
643,세천,2018-11-04,7.4,0,.3
643,세천,2018-11-05,8.1,0,.4
643,세천,2018-11-06,9.4,0,.4
643,세천,2018-11-07,11.5,1,.3
643,세천,2018-11-08,14.2,33,1.3
643,세천,2018-11-09,10.3,.5,1.3
643,세천,2018-11-10,9.7,0,.6
643,세천,2018-11-11,9.3,0,.4
643,세천,2018-11-12,7,0,.5
643,세천,2018-11-13,6.4,0,.4
643,세천,2018-11-14,6.6,0,.4
643,세천,2018-11-15,6.5,0,.3
643,세천,2018-11-16,8.2,0,.3
643,세천,2018-11-17,4.5,0,.6
643,세천,2018-11-18,3.9,0,.3
643,세천,2018-11-19,7.3,0,.6
643,세천,2018-11-20,3.5,0,.3
643,세천,2018-11-21,3.9,0,.9
643,세천,2018-11-22,1.7,0,.9
643,세천,2018-11-23,.3,0,.4
643,세천,2018-11-24,2.8,8.5,1.3
643,세천,2018-11-25,5.1,0,.5
643,세천,2018-11-26,3.4,0,.3
643,세천,2018-11-27,6,0,.5
643,세천,2018-11-28,2.8,0,.3
643,세천,2018-11-29,3.3,0,.2
643,세천,2018-11-30,3.2,0,.4
643,세천,2018-12-01,3.2,0,.4
643,세천,2018-12-02,8.2,0,.8
643,세천,2018-12-03,12.6,11,.8
643,세천,2018-12-04,8.8,16,1
643,세천,2018-12-05,.8,0,.7
643,세천,2018-12-06,1.6,1,.6
643,세천,2018-12-07,-4.5,0,2.2
643,세천,2018-12-08,-7.2,0,.7
643,세천,2018-12-09,-6.9,0,.6
643,세천,2018-12-10,-4.9,0,.3
643,세천,2018-12-11,-1.5,1.5,.3
643,세천,2018-12-12,-3.6,0,.5
643,세천,2018-12-13,-1.8,0,.9
643,세천,2018-12-14,-4.8,0,.6
643,세천,2018-12-15,-4.6,0,.2
643,세천,2018-12-16,-.4,0,.2
643,세천,2018-12-17,2,0,1
643,세천,2018-12-18,.4,0,.7
643,세천,2018-12-19,3.8,.5,.6
643,세천,2018-12-20,1.9,0,.3
643,세천,2018-12-21,2.6,0,.3
643,세천,2018-12-22,4.4,0,.3
643,세천,2018-12-23,4.1,0,1.3
643,세천,2018-12-24,-3.3,0,.4
643,세천,2018-12-25,-1.7,0,.2
643,세천,2018-12-26,1,0,1.1
643,세천,2018-12-27,-6.5,0,2
643,세천,2018-12-28,-9.5,0,.9
643,세천,2018-12-29,-7.8,0,.9
643,세천,2018-12-30,-7.4,0,.5
643,세천,2018-12-31,-6.7,0,.4
643,세천,2019-01-01,-3.4,0,.6
643,세천,2019-01-02,-5.6,0,.5
643,세천,2019-01-03,-5.3,0,.3
643,세천,2019-01-04,-3.7,0,.3
643,세천,2019-01-05,-2.4,0,.9
643,세천,2019-01-06,-4,0,.4
643,세천,2019-01-07,-3.3,0,.4
643,세천,2019-01-08,-2.6,0,1.2
643,세천,2019-01-09,-5.7,0,.5
643,세천,2019-01-10,-1.9,0,.5
643,세천,2019-01-11,1.5,0,.4
643,세천,2019-01-12,2.6,.5,.3
643,세천,2019-01-13,-1.1,0,.4
643,세천,2019-01-14,.5,0,.3
643,세천,2019-01-15,-.6,0,1.2
643,세천,2019-01-16,-4.5,0,.8
643,세천,2019-01-17,-1.1,0,.8
643,세천,2019-01-18,-1.5,0,.4
643,세천,2019-01-19,1.1,0,.3
643,세천,2019-01-20,.6,0,1.4
643,세천,2019-01-21,-1.2,0,1
643,세천,2019-01-22,.6,0,1
643,세천,2019-01-23,.7,0,.8
643,세천,2019-01-24,-2.1,0,.4
643,세천,2019-01-25,-2.2,0,1.1
643,세천,2019-01-26,-4.6,0,.8
643,세천,2019-01-27,-2.9,0,.6
643,세천,2019-01-28,1.2,1,1.4
643,세천,2019-01-29,-2.7,0,.5
643,세천,2019-01-30,.8,0,.5
643,세천,2019-01-31,-.2,0,.9
643,세천,2019-02-01,-3.3,0,.9
643,세천,2019-02-02,.2,0,.5
643,세천,2019-02-03,4.9,20.5,1.5
643,세천,2019-02-04,0,0,1
643,세천,2019-02-05,.7,0,.4
643,세천,2019-02-06,4.7,0,.7
643,세천,2019-02-07,.8,0,1.8
643,세천,2019-02-08,-4,0,.7
643,세천,2019-02-09,-3.6,0,1.4
643,세천,2019-02-10,-2.9,0,.7
643,세천,2019-02-11,-3.3,0,1.1
643,세천,2019-02-12,-1.8,0,.4
643,세천,2019-02-13,-1.9,0,1
643,세천,2019-02-14,-.2,0,.5
643,세천,2019-02-15,1.3,0,1
643,세천,2019-02-16,-2.2,0,1.4
643,세천,2019-02-17,-2.5,0,.8
643,세천,2019-02-18,.4,0,.4
643,세천,2019-02-19,1.8,15,.8
643,세천,2019-02-20,.9,0,.7
643,세천,2019-02-21,.1,0,.4
643,세천,2019-02-22,1.3,0,.3
643,세천,2019-02-23,3.3,0,.6
643,세천,2019-02-24,4.8,0,.7
643,세천,2019-02-25,3.4,0,.7
643,세천,2019-02-26,2.7,0,.5
643,세천,2019-02-27,5.8,0,.6
643,세천,2019-02-28,4.4,0,.5
643,세천,2019-03-01,3.8,0,.5
643,세천,2019-03-02,5,0,.6
643,세천,2019-03-03,6.6,0,.5
643,세천,2019-03-04,8.1,0,.7
643,세천,2019-03-05,6.7,0,.5
643,세천,2019-03-06,8.5,0,.9
643,세천,2019-03-07,5.2,0,.7
643,세천,2019-03-08,4.6,0,.6
643,세천,2019-03-09,6.2,0,.5
643,세천,2019-03-10,6.2,1,.6
643,세천,2019-03-11,4.8,.5,1
643,세천,2019-03-12,4.2,1.5,1.7
643,세천,2019-03-13,1.8,0,1.5
643,세천,2019-03-14,4.7,0,1.1
643,세천,2019-03-15,6.3,2,1.8
643,세천,2019-03-16,5.5,0,1.2
643,세천,2019-03-17,5.3,0,.9
643,세천,2019-03-18,5.1,0,.5
643,세천,2019-03-19,8.5,0,.9
643,세천,2019-03-20,10.2,12,.9
643,세천,2019-03-21,8.4,3,2.3
643,세천,2019-03-22,3.2,0,1.4
643,세천,2019-03-23,2.2,5.5,1.2
643,세천,2019-03-24,3.1,0,1.3
643,세천,2019-03-25,5.5,0,.9
643,세천,2019-03-26,8.8,0,.8
643,세천,2019-03-27,13.5,0,2.2
643,세천,2019-03-28,11.2,0,1.2
643,세천,2019-03-29,10.9,0,1.2
643,세천,2019-03-30,5.5,4,1.6
643,세천,2019-03-31,4.6,0,1.9
643,세천,2019-04-01,4,0,1.3
643,세천,2019-04-02,4.8,0,1.2
643,세천,2019-04-03,5.8,0,1.2
643,세천,2019-04-04,7.5,0,1.4
643,세천,2019-04-05,9.9,0,1.7
643,세천,2019-04-06,10.7,0,.8
643,세천,2019-04-07,12.4,0,.5
643,세천,2019-04-08,10.7,0,1.2
643,세천,2019-04-09,9.7,28.5,2.4
643,세천,2019-04-10,7.2,2.5,1.7
643,세천,2019-04-11,9.3,0,.6
643,세천,2019-04-12,9.7,0,.9
643,세천,2019-04-13,10.1,0,.9
643,세천,2019-04-14,9,1,1.1
643,세천,2019-04-15,9.4,0,1
643,세천,2019-04-16,12.1,0,.7
643,세천,2019-04-17,15.6,0,.9
643,세천,2019-04-18,14.5,0,1.6
643,세천,2019-04-19,13.2,0,1.3
643,세천,2019-04-20,16.2,0,1.4
643,세천,2019-04-21,16.6,0,.7
643,세천,2019-04-22,18.7,0,.9
643,세천,2019-04-23,17.2,4,.8
643,세천,2019-04-24,16.5,23,.6
643,세천,2019-04-25,14.1,9.5,.7
643,세천,2019-04-26,9.2,2,.8
643,세천,2019-04-27,11,0,.8
643,세천,2019-04-28,11,0,.6
643,세천,2019-04-29,9.7,17.5,.6
643,세천,2019-04-30,15.2,0,.7
643,세천,2019-05-01,14.7,0,1.2
643,세천,2019-05-02,14,0,1.2
643,세천,2019-05-03,15.3,0,.7
643,세천,2019-05-04,16.5,0,.5
643,세천,2019-05-05,16.8,0,.8
643,세천,2019-05-06,12.1,0,1.5
643,세천,2019-05-07,12.6,0,1
643,세천,2019-05-08,14,0,1.4
643,세천,2019-05-09,15.2,0,1
643,세천,2019-05-10,15.8,0,.7
643,세천,2019-05-11,17.4,0,.7
643,세천,2019-05-12,18.2,0,.7
643,세천,2019-05-13,18.4,0,1
643,세천,2019-05-14,18.8,0,.7
643,세천,2019-05-15,19.8,0,.6
643,세천,2019-05-16,21.5,0,.8
643,세천,2019-05-17,21,0,.5
643,세천,2019-05-18,18.5,14.5,2.2
643,세천,2019-05-19,19.5,2,.9
643,세천,2019-05-20,16,6,.9
643,세천,2019-05-21,16.3,0,1
643,세천,2019-05-22,17.8,0,.7
643,세천,2019-05-23,19.6,0,.7
643,세천,2019-05-24,21.9,0,.6
643,세천,2019-05-25,20.8,0,.6
643,세천,2019-05-26,22.7,0,.9
643,세천,2019-05-27,17.1,15.5,.7
643,세천,2019-05-28,16.5,0,.6
643,세천,2019-05-29,17.8,0,1
643,세천,2019-05-30,18.4,0,.9
643,세천,2019-05-31,17.8,0,.8
643,세천,2019-06-01,16.8,0,.3
643,세천,2019-06-02,19.4,0,.5
643,세천,2019-06-03,20.9,0,.6
643,세천,2019-06-04,22.4,0,.7
643,세천,2019-06-05,22.2,0,.7
643,세천,2019-06-06,20.4,17,.6
643,세천,2019-06-07,18.1,15,1.1
643,세천,2019-06-08,20.4,0,.6
643,세천,2019-06-09,20.8,.5,.6
643,세천,2019-06-10,17.8,12.5,.9
643,세천,2019-06-11,19.5,0,.8
643,세천,2019-06-12,20.1,0,.6
643,세천,2019-06-13,21.3,0,.7
643,세천,2019-06-14,19.6,0,.4
643,세천,2019-06-15,20.1,0,1
643,세천,2019-06-16,20.1,0,.6
643,세천,2019-06-17,20.8,0,.9
643,세천,2019-06-18,19.9,0,.6
643,세천,2019-06-19,20.8,0,.4
643,세천,2019-06-20,23,0,.6
643,세천,2019-06-21,22.4,0,.9
643,세천,2019-06-22,22.6,0,.7
643,세천,2019-06-23,21.6,0,.6
643,세천,2019-06-24,22.3,0,.5
643,세천,2019-06-25,24.2,0,.6
643,세천,2019-06-26,20.1,2.5,.7
643,세천,2019-06-27,23.3,1,.2
643,세천,2019-06-28,24.5,0,.6
643,세천,2019-06-29,21.1,16.5,.4
643,세천,2019-06-30,23.6,0,.6
643,세천,2019-07-01,22.2,0,.7
643,세천,2019-07-02,22.2,0,.6
643,세천,2019-07-03,22.4,0,.5
643,세천,2019-07-04,23.4,0,.6
643,세천,2019-07-05,25,0,.7
643,세천,2019-07-06,24.9,0,1.3
643,세천,2019-07-07,24,0,1.5
643,세천,2019-07-08,23.5,0,1.2
643,세천,2019-07-09,22.4,0,1.3
643,세천,2019-07-10,20.9,17.5,1.2
643,세천,2019-07-11,20.5,10.5,.2
643,세천,2019-07-12,22.5,0,.8
643,세천,2019-07-13,23,0,.5
643,세천,2019-07-14,24.5,25.5,.6
643,세천,2019-07-15,22.4,31,.7
643,세천,2019-07-16,23.5,7.5,.9
643,세천,2019-07-17,24.3,0,.7
643,세천,2019-07-18,24.1,6,.6
643,세천,2019-07-19,25.3,0,1.1
643,세천,2019-07-20,24.9,19,2.3
643,세천,2019-07-21,24.1,33,.9
643,세천,2019-07-22,27.3,0,1.1
643,세천,2019-07-23,27.4,0,.5
643,세천,2019-07-24,26.2,0,.3
643,세천,2019-07-25,25.1,32,.4
643,세천,2019-07-26,26.1,13.5,.3
643,세천,2019-07-27,26.8,18.5,.5
643,세천,2019-07-28,25.7,15.5,.4
643,세천,2019-07-29,27.2,0,.8
643,세천,2019-07-30,27.8,0,.9
643,세천,2019-07-31,28.5,0,1.2
643,세천,2019-08-01,28.1,0,.6
643,세천,2019-08-02,28.6,0,.6
643,세천,2019-08-03,28.3,0,.6
643,세천,2019-08-04,28.2,0,.6
643,세천,2019-08-05,28.8,0,.6
643,세천,2019-08-06,27.6,0,.9
643,세천,2019-08-07,27,2.5,1
643,세천,2019-08-08,26.3,4.5,.6
643,세천,2019-08-09,27,7.5,.5
643,세천,2019-08-10,28.7,0,1.2
643,세천,2019-08-11,29.2,0,2.1
643,세천,2019-08-12,28.6,0,1.3
643,세천,2019-08-13,28.5,0,.7
643,세천,2019-08-14,28.5,0,1.1
643,세천,2019-08-15,24.6,5,.8
643,세천,2019-08-16,26.1,.5,1.1
643,세천,2019-08-17,25.3,3,.9
643,세천,2019-08-18,23.2,0,.4
643,세천,2019-08-19,24.1,0,.7
643,세천,2019-08-20,26,0,1
643,세천,2019-08-21,25.5,3.5,.9
643,세천,2019-08-22,25.3,29.5,.6
643,세천,2019-08-23,23.5,0,.7
643,세천,2019-08-24,21.7,0,.3
643,세천,2019-08-25,22.9,0,.5
643,세천,2019-08-26,23.6,0,.6
643,세천,2019-08-27,21.1,48,.7
643,세천,2019-08-28,23,2,.3
643,세천,2019-08-29,22.3,3.5,.4
643,세천,2019-08-30,21.9,.5,.7
643,세천,2019-08-31,21.3,0,.4
643,세천,2019-09-01,21.7,0,.3
643,세천,2019-09-02,21,11,.4
643,세천,2019-09-03,21.4,2,.7
643,세천,2019-09-04,23.4,4,.8
643,세천,2019-09-05,24,33,.5
643,세천,2019-09-06,24.9,0,.9
643,세천,2019-09-07,25.7,6.5,2.5
643,세천,2019-09-08,24.2,1.5,.2
643,세천,2019-09-09,23.3,7.5,.4
643,세천,2019-09-10,25.9,0,.7
643,세천,2019-09-11,24.8,.5,.9
643,세천,2019-09-12,20.1,3.5,1
643,세천,2019-09-13,21.3,0,.5
643,세천,2019-09-14,21.7,0,.2
643,세천,2019-09-15,23.3,0,.4
643,세천,2019-09-16,22.2,0,.6
643,세천,2019-09-17,20,0,.5
643,세천,2019-09-18,19.4,0,.8
643,세천,2019-09-19,17.6,0,.4
643,세천,2019-09-20,18.1,0,.6
643,세천,2019-09-21,17.1,42,1.4
643,세천,2019-09-22,16.4,88,1.4
643,세천,2019-09-23,16.5,.5,.1
643,세천,2019-09-24,16.1,0,.1
643,세천,2019-09-25,16.4,0,.1
643,세천,2019-09-26,19.2,0,.3
643,세천,2019-09-27,21.3,0,.3
643,세천,2019-09-28,22.8,0,.2
643,세천,2019-09-29,20.3,0,.2
643,세천,2019-09-30,19.8,0,.3
643,세천,2019-10-01,20.4,0,.1
643,세천,2019-10-02,20.9,73,.6
643,세천,2019-10-03,20.9,10,.2
643,세천,2019-10-04,21.4,0,.3
643,세천,2019-10-05,18.8,0,.2
643,세천,2019-10-06,17.1,0,.4
643,세천,2019-10-07,14.6,11,.1
643,세천,2019-10-08,13.9,0,.4
643,세천,2019-10-09,10.8,0,.1
643,세천,2019-10-10,12.5,0,0
643,세천,2019-10-11,15.2,0,.2
643,세천,2019-10-12,15.5,0,.6
643,세천,2019-10-13,14.1,0,.4
643,세천,2019-10-14,12.8,0,.4
643,세천,2019-10-15,12.2,0,.4
643,세천,2019-10-16,12.1,0,.1
643,세천,2019-10-17,12.7,0,.3
643,세천,2019-10-18,14.9,0,.7
643,세천,2019-10-19,14.6,0,.2
643,세천,2019-10-20,12.7,0,.1
643,세천,2019-10-21,12.8,0,.3
643,세천,2019-10-22,14,0,.3
643,세천,2019-10-23,15.1,0,.3
643,세천,2019-10-24,17.3,0,.5
643,세천,2019-10-25,15.4,0,.2
643,세천,2019-10-26,11.7,0,.7
643,세천,2019-10-27,8.4,0,.3
643,세천,2019-10-28,8.9,0,.2
643,세천,2019-10-29,12.6,1,.5
643,세천,2019-10-30,9,0,.1
643,세천,2019-10-31,10.9,0,.3
643,세천,2019-11-01,12.6,0,.2
643,세천,2019-11-02,11.3,0,.1
643,세천,2019-11-03,12.5,0,.2
643,세천,2019-11-04,11.8,0,.2
643,세천,2019-11-05,9.6,0,.1
643,세천,2019-11-06,9.1,0,.2
643,세천,2019-11-07,9,0,.9
643,세천,2019-11-08,4.2,0,.5
643,세천,2019-11-09,5.2,0,.4
643,세천,2019-11-10,7.5,10.5,.9
643,세천,2019-11-11,10.9,2,1.1
643,세천,2019-11-12,7.4,0,.4
643,세천,2019-11-13,7.5,2.5,.9
643,세천,2019-11-14,1.6,0,1.7
643,세천,2019-11-15,8.6,0,1.2
643,세천,2019-11-16,11.1,.5,.7
643,세천,2019-11-17,9.8,41.5,1.2
643,세천,2019-11-18,7.7,20,1.9
643,세천,2019-11-19,1.5,0,1.3
643,세천,2019-11-20,0,0,.6
643,세천,2019-11-21,3.1,0,.5
643,세천,2019-11-22,8.9,0,.9
643,세천,2019-11-23,10.4,0,.8
643,세천,2019-11-24,11.9,0,1.2
643,세천,2019-11-25,2.7,0,1.2
643,세천,2019-11-26,7,0,.7
643,세천,2019-11-27,4.9,0,1.4
643,세천,2019-11-28,2.3,0,.5
643,세천,2019-11-29,.5,0,.4
643,세천,2019-11-30,3.1,0,.4
643,세천,2019-12-01,5.3,11.5,.3
643,세천,2019-12-02,2.2,0,1.7
643,세천,2019-12-03,.6,0,.7
643,세천,2019-12-04,4.7,0,.8
643,세천,2019-12-05,-1.4,0,1.8
643,세천,2019-12-06,-6.2,0,.8
643,세천,2019-12-07,-1.2,0,.6
643,세천,2019-12-08,-.6,0,.5
643,세천,2019-12-09,.7,0,.4
643,세천,2019-12-10,5.3,0,.4
643,세천,2019-12-11,5.9,0,1.4
643,세천,2019-12-12,-.4,0,1
643,세천,2019-12-13,-1.5,0,.3
643,세천,2019-12-14,2,0,.8
643,세천,2019-12-15,3.5,0,.7
643,세천,2019-12-16,6.3,0,.6
643,세천,2019-12-17,6.6,2.5,.7
643,세천,2019-12-18,1.7,0,.8
643,세천,2019-12-19,-1.1,0,.7
643,세천,2019-12-20,-.4,0,.8
643,세천,2019-12-21,-1.6,0,.4
643,세천,2019-12-22,1.2,0,.5
643,세천,2019-12-23,2.6,0,.9
643,세천,2019-12-24,-.2,0,.4
643,세천,2019-12-25,1.5,0,.5
643,세천,2019-12-26,2,2,.9
643,세천,2019-12-27,-1.3,0,.8
643,세천,2019-12-28,-2,0,.3
643,세천,2019-12-29,1.8,8.5,1.2
643,세천,2019-12-30,3.9,1.5,1.4
643,세천,2019-12-31,-5.6,0,1.9
648,장동,2017-01-01,2,0,.3
648,장동,2017-01-02,3.8,0,.8
648,장동,2017-01-03,1.5,0,.6
648,장동,2017-01-04,2.5,0,.5
648,장동,2017-01-05,4.1,0,1.6
648,장동,2017-01-06,5.1,0,1.7
648,장동,2017-01-07,3.2,0,.5
648,장동,2017-01-08,8.1,0,1
648,장동,2017-01-09,3.1,0,1.1
648,장동,2017-01-10,-1.2,0,.8
648,장동,2017-01-11,-3.3,0,1
648,장동,2017-01-12,-1.1,0,.9
648,장동,2017-01-13,-4.1,0,.9
648,장동,2017-01-14,-6,0,1.3
648,장동,2017-01-15,-7.1,0,.6
648,장동,2017-01-16,-5.6,0,.4
648,장동,2017-01-17,-3.8,0,.3
648,장동,2017-01-18,-1,0,.3
648,장동,2017-01-19,-1.1,0,.5
648,장동,2017-01-20,-2.7,2,1
648,장동,2017-01-21,-3.6,1,.8
648,장동,2017-01-22,-5.4,0,1
648,장동,2017-01-23,-8.3,0,.7
648,장동,2017-01-24,-6.8,0,.5
648,장동,2017-01-25,-6,0,.5
648,장동,2017-01-26,-2,0,.7
648,장동,2017-01-27,0,.5,1.5
648,장동,2017-01-28,-1.1,0,.5
648,장동,2017-01-29,2.5,5,.4
648,장동,2017-01-30,-2.9,1.5,.7
648,장동,2017-01-31,-5.4,0,.5
648,장동,2017-02-01,-3,0,.8
648,장동,2017-02-02,-2.8,0,.6
648,장동,2017-02-03,.5,0,.6
648,장동,2017-02-04,1.8,0,.3
648,장동,2017-02-05,2.7,0,.6
648,장동,2017-02-06,-.7,0,1.1
648,장동,2017-02-07,-1.7,0,.5
648,장동,2017-02-08,-.6,0,.6
648,장동,2017-02-09,-2.7,0,1.6
648,장동,2017-02-10,-4.5,0,1.3
648,장동,2017-02-11,-3,0,1.1
648,장동,2017-02-12,-1.3,0,.7
648,장동,2017-02-13,-.6,.5,.6
648,장동,2017-02-14,.6,0,.7
648,장동,2017-02-15,.5,0,.4
648,장동,2017-02-16,6,1,1
648,장동,2017-02-17,3.8,1.5,1.4
648,장동,2017-02-18,-2,0,.9
648,장동,2017-02-19,2.3,3,.9
648,장동,2017-02-20,1,15,1.3
648,장동,2017-02-21,-.6,0,.6
648,장동,2017-02-22,3.2,14,1.3
648,장동,2017-02-23,.5,0,1.3
648,장동,2017-02-24,-.3,0,1
648,장동,2017-02-25,2.1,0,.9
648,장동,2017-02-26,2.8,0,.7
648,장동,2017-02-27,2.4,0,.5
648,장동,2017-02-28,3.6,0,.7
648,장동,2017-03-01,5.4,0,.7
648,장동,2017-03-02,2.5,2,1.2
648,장동,2017-03-03,2.5,0,.7
648,장동,2017-03-04,4.2,0,.6
648,장동,2017-03-05,5.5,0,.7
648,장동,2017-03-06,1.3,0,1.5
648,장동,2017-03-07,-.5,.5,1.3
648,장동,2017-03-08,1,0,1.3
648,장동,2017-03-09,3.6,0,1.8
648,장동,2017-03-10,3.6,0,.8
648,장동,2017-03-11,5.2,0,.6
648,장동,2017-03-12,6.8,0,.7
648,장동,2017-03-13,6.2,0,.8
648,장동,2017-03-14,3.6,0,1
648,장동,2017-03-15,3.5,0,.6
648,장동,2017-03-16,4.3,0,.9
648,장동,2017-03-17,5.5,0,.6
648,장동,2017-03-18,6.8,0,.7
648,장동,2017-03-19,7.4,0,.6
648,장동,2017-03-20,7.8,0,.9
648,장동,2017-03-21,6.7,0,1.1
648,장동,2017-03-22,6,0,.8
648,장동,2017-03-23,7.1,0,.7
648,장동,2017-03-24,8.2,0,.9
648,장동,2017-03-25,6.5,1,1.7
648,장동,2017-03-26,5.8,0,.7
648,장동,2017-03-27,4.4,4,.9
648,장동,2017-03-28,6.1,0,.9
648,장동,2017-03-29,7.9,1,1
648,장동,2017-03-30,9.3,0,.8
648,장동,2017-03-31,9.1,2.5,1.3
648,장동,2017-04-01,6.6,3,.9
648,장동,2017-04-02,7.3,0,.9
648,장동,2017-04-03,9.8,0,1.3
648,장동,2017-04-04,12.1,0,.9
648,장동,2017-04-05,11.9,14.5,1.3
648,장동,2017-04-06,13.1,18.5,1.4
648,장동,2017-04-07,15,0,1.2
648,장동,2017-04-08,14.2,0,.9
648,장동,2017-04-09,12.7,0,2.5
648,장동,2017-04-10,13.7,0,3.1
648,장동,2017-04-11,11.1,13,1.1
648,장동,2017-04-12,10.3,0,1.3
648,장동,2017-04-13,11.3,0,1.8
648,장동,2017-04-14,14.2,0,1.9
648,장동,2017-04-15,16.2,0,1.5
648,장동,2017-04-16,17.3,0,.6
648,장동,2017-04-17,12,28,.7
648,장동,2017-04-18,12.8,.5,1.5
648,장동,2017-04-19,11.7,0,1.4
648,장동,2017-04-20,9.6,1.5,.5
648,장동,2017-04-21,10.7,0,.7
648,장동,2017-04-22,12.4,0,.8
648,장동,2017-04-23,12.9,0,1.2
648,장동,2017-04-24,13,0,1
648,장동,2017-04-25,15.1,0,1.1
648,장동,2017-04-26,13.7,.5,1.2
648,장동,2017-04-27,11.7,0,1.3
648,장동,2017-04-28,14.7,0,2.5
648,장동,2017-04-29,16.7,0,2.1
648,장동,2017-04-30,18.9,0,2.1
648,장동,2017-05-01,18.3,0,1.4
648,장동,2017-05-02,17.6,0,1.3
648,장동,2017-05-03,17.7,0,.6
648,장동,2017-05-04,18.4,0,.6
648,장동,2017-05-05,19.5,0,1.1
648,장동,2017-05-06,15,0,1.5
648,장동,2017-05-07,16,0,1.9
648,장동,2017-05-08,15.9,0,1.1
648,장동,2017-05-09,14.2,8,1.9
648,장동,2017-05-10,14.5,2,1.2
648,장동,2017-05-11,16.6,0,.7
648,장동,2017-05-12,17.9,0,.7
648,장동,2017-05-13,16.4,.5,1.1
648,장동,2017-05-14,14.9,0,1.7
648,장동,2017-05-15,15.4,0,1.9
648,장동,2017-05-16,14.9,0,1
648,장동,2017-05-17,16,0,.7
648,장동,2017-05-18,17.4,0,.7
648,장동,2017-05-19,18.5,0,.9
648,장동,2017-05-20,17.9,0,.8
648,장동,2017-05-21,18.3,0,.6
648,장동,2017-05-22,19,0,.8
648,장동,2017-05-23,18.7,0,.6
648,장동,2017-05-24,18.2,9.5,.6
648,장동,2017-05-25,17.6,0,1.4
648,장동,2017-05-26,14.5,0,1.1
648,장동,2017-05-27,16.5,0,1
648,장동,2017-05-28,19.6,0,1.6
648,장동,2017-05-29,22.9,0,2.1
648,장동,2017-05-30,21.1,0,.9
648,장동,2017-05-31,19.6,0,.8
648,장동,2017-06-01,20.1,0,1.1
648,장동,2017-06-02,17.4,0,1
648,장동,2017-06-03,18.2,0,1.1
648,장동,2017-06-04,17.9,0,.8
648,장동,2017-06-05,19.9,0,1.3
648,장동,2017-06-06,16.8,11.5,2.1
648,장동,2017-06-07,16.9,3.5,1.1
648,장동,2017-06-08,18.8,0,1.2
648,장동,2017-06-09,20.5,0,1.9
648,장동,2017-06-10,20.5,0,1.4
648,장동,2017-06-11,20.4,0,1.4
648,장동,2017-06-12,19.9,0,2.2
648,장동,2017-06-13,19.5,0,1.5
648,장동,2017-06-14,19,0,.9
648,장동,2017-06-15,20.8,0,1.4
648,장동,2017-06-16,22.7,0,1.3
648,장동,2017-06-17,21.8,0,.8
648,장동,2017-06-18,22.2,0,.8
648,장동,2017-06-19,22.9,0,.8
648,장동,2017-06-20,22.1,0,.7
648,장동,2017-06-21,22.3,0,1.1
648,장동,2017-06-22,22.3,0,.8
648,장동,2017-06-23,24.2,0,.7
648,장동,2017-06-24,21.7,2,.7
648,장동,2017-06-25,22.7,.5,1
648,장동,2017-06-26,21.5,3.5,2
648,장동,2017-06-27,22.1,24,1.4
648,장동,2017-06-28,23.5,3.5,.9
648,장동,2017-06-29,23.6,0,.6
648,장동,2017-06-30,24.5,0,.6
648,장동,2017-07-01,22.1,15,.5
648,장동,2017-07-02,23.9,55.5,.8
648,장동,2017-07-03,23.9,76,1.2
648,장동,2017-07-04,24.4,38.5,1.1
648,장동,2017-07-05,25.4,0,.7
648,장동,2017-07-06,24.1,6.5,.9
648,장동,2017-07-07,24.7,1,.5
648,장동,2017-07-08,24.2,101.5,.7
648,장동,2017-07-09,25.1,38.5,.7
648,장동,2017-07-10,24.5,33,.7
648,장동,2017-07-11,25.2,1,1.4
648,장동,2017-07-12,25.3,0,.6
648,장동,2017-07-13,25,0,.5
648,장동,2017-07-14,24.9,.5,.9
648,장동,2017-07-15,23.4,27,1.1
648,장동,2017-07-16,24.9,0,1.1
648,장동,2017-07-17,23.7,10,.9
648,장동,2017-07-18,24,2.5,.9
648,장동,2017-07-19,25.3,0,.7
648,장동,2017-07-20,26.3,0,.6
648,장동,2017-07-21,27.5,0,.9
648,장동,2017-07-22,27.6,0,1.2
648,장동,2017-07-23,26,2,1.3
648,장동,2017-07-24,26.3,3,.9
648,장동,2017-07-25,26.1,10.5,1.7
648,장동,2017-07-26,25.6,0,2.7
648,장동,2017-07-27,24.6,0,1.1
648,장동,2017-07-28,26,6,.8
648,장동,2017-07-29,24.7,.5,2.5
648,장동,2017-07-30,25.1,0,1.1
648,장동,2017-07-31,23,55.5,.6
648,장동,2017-08-01,24.3,9,.6
648,장동,2017-08-02,26.4,0,1.4
648,장동,2017-08-03,26.1,0,2.8
648,장동,2017-08-04,27.2,0,1.4
648,장동,2017-08-05,28.8,0,1.1
648,장동,2017-08-06,27.8,.5,1.1
648,장동,2017-08-07,26.1,0,.7
648,장동,2017-08-08,25,0,.5
648,장동,2017-08-09,22.6,53.5,.6
648,장동,2017-08-10,24.4,6,.5
648,장동,2017-08-11,24.5,0,.6
648,장동,2017-08-12,24.8,0,1.1
648,장동,2017-08-13,23,.5,2.4
648,장동,2017-08-14,21.3,73.5,2.2
648,장동,2017-08-15,21.9,36.5,2.1
648,장동,2017-08-16,23.1,24.5,1.8
648,장동,2017-08-17,23.5,2,1.3
648,장동,2017-08-18,23.6,0,.5
648,장동,2017-08-19,23.2,2,.9
648,장동,2017-08-20,24.2,4.5,2.5
648,장동,2017-08-21,23.2,35.5,.9
648,장동,2017-08-22,25.3,0,.7
648,장동,2017-08-23,26.7,2,1
648,장동,2017-08-24,25.5,58.5,1.6
648,장동,2017-08-25,23.3,0,.5
648,장동,2017-08-26,20.6,0,.6
648,장동,2017-08-27,20.9,0,.5
648,장동,2017-08-28,22.6,49,.8
648,장동,2017-08-29,19,0,.9
648,장동,2017-08-30,16,.5,.2
648,장동,2017-08-31,18.7,0,.5
648,장동,2017-09-01,18.9,0,.5
648,장동,2017-09-02,18.6,0,.7
648,장동,2017-09-03,19.1,0,.5
648,장동,2017-09-04,19.9,0,.9
648,장동,2017-09-05,19.5,.5,.4
648,장동,2017-09-06,19,3,.1
648,장동,2017-09-07,19.5,0,.3
648,장동,2017-09-08,20.3,0,.2
648,장동,2017-09-09,19.8,0,.1
648,장동,2017-09-10,20.2,0,.3
648,장동,2017-09-11,18.7,82.5,1.4
648,장동,2017-09-12,19.3,0,.3
648,장동,2017-09-13,17.1,0,.4
648,장동,2017-09-14,18.4,0,.7
648,장동,2017-09-15,20.2,0,2.1
648,장동,2017-09-16,19.3,0,1.7
648,장동,2017-09-17,18.9,0,.6
648,장동,2017-09-18,18.6,0,.9
648,장동,2017-09-19,20.9,0,1.4
648,장동,2017-09-20,17.2,0,.8
648,장동,2017-09-21,15.9,0,.5
648,장동,2017-09-22,17.3,0,.4
648,장동,2017-09-23,18,0,.4
648,장동,2017-09-24,20.3,0,.5
648,장동,2017-09-25,20.5,0,.5
648,장동,2017-09-26,20.8,0,1.3
648,장동,2017-09-27,17.4,32.5,.7
648,장동,2017-09-28,17.6,0,.8
648,장동,2017-09-29,12.9,0,.5
648,장동,2017-09-30,14.5,0,.5
648,장동,2017-10-01,14.6,12,.7
648,장동,2017-10-02,17.3,3,.5
648,장동,2017-10-03,15.9,0,.5
648,장동,2017-10-04,15.3,0,1.2
648,장동,2017-10-05,16.8,0,2.6
648,장동,2017-10-06,15.7,1.5,1
648,장동,2017-10-07,17.7,.5,.5
648,장동,2017-10-08,18.3,0,.4
648,장동,2017-10-09,19.2,0,.4
648,장동,2017-10-10,20.1,0,.5
648,장동,2017-10-11,16,9,.8
648,장동,2017-10-12,10.9,2,.3
648,장동,2017-10-13,9.6,0,.5
648,장동,2017-10-14,11.1,0,.6
648,장동,2017-10-15,12.6,0,.8
648,장동,2017-10-16,13.5,0,.5
648,장동,2017-10-17,13.3,0,.6
648,장동,2017-10-18,15,0,2.1
648,장동,2017-10-19,13.9,0,.9
648,장동,2017-10-20,13.2,0,.3
648,장동,2017-10-21,13,0,.6
648,장동,2017-10-22,13.7,0,1
648,장동,2017-10-23,10.3,0,.6
648,장동,2017-10-24,10.3,0,.5
648,장동,2017-10-25,9.9,0,.3
648,장동,2017-10-26,10.8,0,.3
648,장동,2017-10-27,12.2,0,.1
648,장동,2017-10-28,13,0,.7
648,장동,2017-10-29,10.1,0,.9
648,장동,2017-10-30,4.7,0,.6
648,장동,2017-10-31,6.3,0,.4
648,장동,2017-11-01,10.9,0,.6
648,장동,2017-11-02,11.6,0,.3
648,장동,2017-11-03,9.9,0,.6
648,장동,2017-11-04,5.8,0,.5
648,장동,2017-11-05,5.2,0,.4
648,장동,2017-11-06,6.9,0,.4
648,장동,2017-11-07,11.5,0,.3
648,장동,2017-11-08,11.7,0,.6
648,장동,2017-11-09,6.1,0,.3
648,장동,2017-11-10,8.8,.5,1
648,장동,2017-11-11,3.7,0,.7
648,장동,2017-11-12,3.2,0,.3
648,장동,2017-11-13,6.8,0,.6
648,장동,2017-11-14,6.6,0,.8
648,장동,2017-11-15,4.7,0,.9
648,장동,2017-11-16,.7,0,.4
648,장동,2017-11-17,3.8,.5,.5
648,장동,2017-11-18,-.4,0,1.4
648,장동,2017-11-19,-1.6,0,.6
648,장동,2017-11-20,1.9,0,.6
648,장동,2017-11-21,.1,0,.4
648,장동,2017-11-22,4.2,0,.7
648,장동,2017-11-23,-.6,1.5,.6
648,장동,2017-11-24,0,5,.5
648,장동,2017-11-25,4.9,0,1.2
648,장동,2017-11-26,5.6,2.5,1.1
648,장동,2017-11-27,1.2,0,.3
648,장동,2017-11-28,3.9,0,.3
648,장동,2017-11-29,5.1,0,.9
648,장동,2017-11-30,-1,0,.9
648,장동,2017-12-01,-1.9,0,.4
648,장동,2017-12-02,-.2,0,.1
648,장동,2017-12-03,3.4,0,.3
648,장동,2017-12-04,1.2,0,.8
648,장동,2017-12-05,-4.2,0,.6
648,장동,2017-12-06,-.1,1,.3
648,장동,2017-12-07,2.3,3.5,.6
648,장동,2017-12-08,-2.3,0,.8
648,장동,2017-12-09,.1,0,.3
648,장동,2017-12-10,2.9,1.5,1
648,장동,2017-12-11,-4.3,0,1.2
648,장동,2017-12-12,-7.6,0,.7
648,장동,2017-12-13,-7.5,0,.6
648,장동,2017-12-14,-6,0,.3
648,장동,2017-12-15,-2,0,.4
648,장동,2017-12-16,-3,0,1.1
648,장동,2017-12-17,-6.5,0,.5
648,장동,2017-12-18,.1,0,1.3
648,장동,2017-12-19,-3.2,0,.8
648,장동,2017-12-20,-2.3,.5,.6
648,장동,2017-12-21,-1.8,0,.4
648,장동,2017-12-22,.1,0,.4
648,장동,2017-12-23,2.8,0,.4
648,장동,2017-12-24,3.1,23,.7
648,장동,2017-12-25,-1.1,0,1
648,장동,2017-12-26,-1.6,0,1
648,장동,2017-12-27,-6.1,0,.6
648,장동,2017-12-28,-2.4,0,.3
648,장동,2017-12-29,1.8,0,.4
648,장동,2017-12-30,2.5,1,.4
648,장동,2017-12-31,.5,1.5,.9
648,장동,2018-01-01,-2.3,0,.4
648,장동,2018-01-02,-2.1,0,.3
648,장동,2018-01-03,-3.7,0,.7
648,장동,2018-01-04,-3.4,0,.4
648,장동,2018-01-05,-2,0,.5
648,장동,2018-01-06,-3,0,.4
648,장동,2018-01-07,-1.9,0,.4
648,장동,2018-01-08,.9,1,.6
648,장동,2018-01-09,-2.6,2.5,1
648,장동,2018-01-10,-6.2,4.5,.7
648,장동,2018-01-11,-10.5,0,.6
648,장동,2018-01-12,-9.9,0,.5
648,장동,2018-01-13,-3.7,0,.3
648,장동,2018-01-14,-2,0,.3
648,장동,2018-01-15,3.5,0,.7
648,장동,2018-01-16,2.6,2,.4
648,장동,2018-01-17,2.8,11.5,.4
648,장동,2018-01-18,2.5,0,.5
648,장동,2018-01-19,-1.4,0,.3
648,장동,2018-01-20,-.9,0,.3
648,장동,2018-01-21,-.3,0,.3
648,장동,2018-01-22,2.3,.5,.9
648,장동,2018-01-23,-7.4,0,1.4
648,장동,2018-01-24,-11.9,0,1.1
648,장동,2018-01-25,-11.2,0,1
648,장동,2018-01-26,-12,0,1
648,장동,2018-01-27,-9.7,0,.4
648,장동,2018-01-28,-4.2,0,.8
648,장동,2018-01-29,-7.8,0,.7
648,장동,2018-01-30,-5.4,0,.6
648,장동,2018-01-31,-.6,0,.6
648,장동,2018-02-01,-3.9,0,.5
648,장동,2018-02-02,-4.5,0,.3
648,장동,2018-02-03,-5.2,0,1.4
648,장동,2018-02-04,-8.3,0,.8
648,장동,2018-02-05,-8.3,0,.9
648,장동,2018-02-06,-9,0,1
648,장동,2018-02-07,-9.1,0,.5
648,장동,2018-02-08,-5.7,0,.4
648,장동,2018-02-09,.2,0,.6
648,장동,2018-02-10,-.3,0,1.1
648,장동,2018-02-11,-4.3,0,1.1
648,장동,2018-02-12,-6,.5,1
648,장동,2018-02-13,-2.1,.5,1.3
648,장동,2018-02-14,4.6,0,1.4
648,장동,2018-02-15,-.6,0,.8
648,장동,2018-02-16,-1,0,.6
648,장동,2018-02-17,-2.5,0,1.1
648,장동,2018-02-18,-1.5,0,.2
648,장동,2018-02-19,.5,0,.4
648,장동,2018-02-20,.8,0,.6
648,장동,2018-02-21,-1.3,0,.7
648,장동,2018-02-22,-1.1,0,.8
648,장동,2018-02-23,5.1,.5,2
648,장동,2018-02-24,4.4,0,1.1
648,장동,2018-02-25,2.1,0,.7
648,장동,2018-02-26,1.7,0,.5
648,장동,2018-02-27,4,0,.8
648,장동,2018-02-28,4.2,36.5,2
648,장동,2018-03-01,1.7,1,1.7
648,장동,2018-03-02,-.5,0,.7
648,장동,2018-03-03,6.3,0,.5
648,장동,2018-03-04,,0,1.1
648,장동,2018-03-05,4.6,7,
648,장동,2018-03-06,3.8,0,.8
648,장동,2018-03-07,5,4.5,3.4
648,장동,2018-03-08,1.8,14,.3
648,장동,2018-03-09,2.3,0,.6
648,장동,2018-03-10,2.7,0,.9
648,장동,2018-03-11,5.8,0,.8
648,장동,2018-03-12,6.6,0,.8
648,장동,2018-03-13,10.7,0,1.3
648,장동,2018-03-14,13.5,0,.8
648,장동,2018-03-15,12,15.5,.5
648,장동,2018-03-16,5.6,1,2.1
648,장동,2018-03-17,5.6,0,1.4
648,장동,2018-03-18,6.4,7.5,.4
648,장동,2018-03-19,7.5,25.5,1.7
648,장동,2018-03-20,5.3,0,2.9
648,장동,2018-03-21,.7,11,1
648,장동,2018-03-22,4.2,1,1
648,장동,2018-03-23,4.5,0,.8
648,장동,2018-03-24,6.9,0,1.1
648,장동,2018-03-25,9,0,.9
648,장동,2018-03-26,10.2,0,.8
648,장동,2018-03-27,12.5,0,1.4
648,장동,2018-03-28,12.9,0,1.3
648,장동,2018-03-29,13.5,0,.4
648,장동,2018-03-30,13.2,0,2.1
648,장동,2018-03-31,13.2,0,.8
648,장동,2018-04-01,13.7,0,.7
648,장동,2018-04-02,15.7,0,1
648,장동,2018-04-03,17.1,0,.9
648,장동,2018-04-04,11.6,23,2.3
648,장동,2018-04-05,7.4,16,3
648,장동,2018-04-06,7,20,1.3
648,장동,2018-04-07,4.6,0,1.8
648,장동,2018-04-08,7.1,0,2
648,장동,2018-04-09,9.4,0,.7
648,장동,2018-04-10,15,.5,1.7
648,장동,2018-04-11,13.9,13.5,1.8
648,장동,2018-04-12,11.3,0,.9
648,장동,2018-04-13,11.8,0,1.7
648,장동,2018-04-14,8.2,30,1.5
648,장동,2018-04-15,9.2,0,1.3
648,장동,2018-04-16,9.6,0,.8
648,장동,2018-04-17,11.7,0,.7
648,장동,2018-04-18,11.3,0,.8
648,장동,2018-04-19,12.8,0,1.2
648,장동,2018-04-20,16.8,0,.7
648,장동,2018-04-21,17.4,0,.9
648,장동,2018-04-22,14.6,2,1.9
648,장동,2018-04-23,10.6,31,3.7
648,장동,2018-04-24,10.8,5.5,1.6
648,장동,2018-04-25,11.5,0,.6
648,장동,2018-04-26,13,0,.8
648,장동,2018-04-27,13.7,0,.9
648,장동,2018-04-28,13.5,0,1.1
648,장동,2018-04-29,14.2,0,1
648,장동,2018-04-30,17.9,0,.8
648,장동,2018-05-01,18.9,0,.5
648,장동,2018-05-02,16.2,8.5,1.3
648,장동,2018-05-03,11.3,0,1.8
648,장동,2018-05-04,14.2,0,2
648,장동,2018-05-05,18,0,1.8
648,장동,2018-05-06,14.7,16,.9
648,장동,2018-05-07,15.5,3.5,.9
648,장동,2018-05-08,15.3,0,2.9
648,장동,2018-05-09,13,0,1.1
648,장동,2018-05-10,14.8,0,.9
648,장동,2018-05-11,15.2,0,.8
648,장동,2018-05-12,13.9,22,.4
648,장동,2018-05-13,16.1,2,1
648,장동,2018-05-14,17.4,0,.7
648,장동,2018-05-15,20.3,0,.4
648,장동,2018-05-16,23.1,.5,.7
648,장동,2018-05-17,23.7,0,.5
648,장동,2018-05-18,18.5,17.5,1.1
648,장동,2018-05-19,15.9,0,2.4
648,장동,2018-05-20,16,0,2.2
648,장동,2018-05-21,15.5,0,2.6
648,장동,2018-05-22,16.8,7.5,.8
648,장동,2018-05-23,16.6,24.5,1
648,장동,2018-05-24,16.5,0,1.1
648,장동,2018-05-25,16.8,0,.5
648,장동,2018-05-26,19.1,0,.5
648,장동,2018-05-27,18.1,0,.4
648,장동,2018-05-28,20.4,0,1
648,장동,2018-05-29,21.1,0,.7
648,장동,2018-05-30,20.3,0,.9
648,장동,2018-05-31,18,0,.8
648,장동,2018-06-01,20.6,0,.7
648,장동,2018-06-02,20.4,0,.6
648,장동,2018-06-03,20.7,0,.7
648,장동,2018-06-04,20.8,0,.9
648,장동,2018-06-05,20.8,0,1
648,장동,2018-06-06,21.5,0,.7
648,장동,2018-06-07,21.6,0,.6
648,장동,2018-06-08,20.1,0,.6
648,장동,2018-06-09,20.4,.5,2.6
648,장동,2018-06-10,19.3,0,3.5
648,장동,2018-06-11,18.5,0,2.1
648,장동,2018-06-12,19.1,0,.8
648,장동,2018-06-13,20.5,0,1.4
648,장동,2018-06-14,20.4,0,3.2
648,장동,2018-06-15,19.4,0,2.9
648,장동,2018-06-16,19.8,0,2.2
648,장동,2018-06-17,20.7,0,.8
648,장동,2018-06-18,22.7,0,.6
648,장동,2018-06-19,19,2.5,.4
648,장동,2018-06-20,20.9,0,.7
648,장동,2018-06-21,20.9,0,.8
648,장동,2018-06-22,21.6,0,.5
648,장동,2018-06-23,21.6,0,1.2
648,장동,2018-06-24,23.5,0,1
648,장동,2018-06-25,23.1,0,.6
648,장동,2018-06-26,22.1,34,1.1
648,장동,2018-06-27,23.9,38.5,1.6
648,장동,2018-06-28,22.9,0,.9
648,장동,2018-06-29,23.1,5.5,.9
648,장동,2018-06-30,22.8,2,1
648,장동,2018-07-01,20.6,119,1.5
648,장동,2018-07-02,21.2,56.5,1
648,장동,2018-07-03,24.2,0,1.7
648,장동,2018-07-04,24.9,0,1
648,장동,2018-07-05,23.8,45,1
648,장동,2018-07-06,20.9,6,1.4
648,장동,2018-07-07,21.1,0,1.8
648,장동,2018-07-08,20.1,0,2.6
648,장동,2018-07-09,19,39,1.7
648,장동,2018-07-10,23.6,0,1.2
648,장동,2018-07-11,25.6,.5,.4
648,장동,2018-07-12,25.9,0,.6
648,장동,2018-07-13,26,0,.6
648,장동,2018-07-14,25.7,0,.5
648,장동,2018-07-15,26.3,0,.6
648,장동,2018-07-16,26.5,0,.5
648,장동,2018-07-17,26,0,.6
648,장동,2018-07-18,25.9,0,.5
648,장동,2018-07-19,26,0,.4
648,장동,2018-07-20,26.2,0,.5
648,장동,2018-07-21,27.6,0,.4
648,장동,2018-07-22,27.2,0,.5
648,장동,2018-07-23,27.1,0,.5
648,장동,2018-07-24,28,0,.5
648,장동,2018-07-25,27.7,0,1
648,장동,2018-07-26,27.4,0,.6
648,장동,2018-07-27,28.2,0,.7
648,장동,2018-07-28,26.4,.5,.3
648,장동,2018-07-29,27.3,0,.6
648,장동,2018-07-30,26.8,0,1.3
648,장동,2018-07-31,27.7,0,1.2
648,장동,2018-08-01,28.9,0,1
648,장동,2018-08-02,29.1,0,1.2
648,장동,2018-08-03,28.5,0,.7
648,장동,2018-08-04,27.6,0,.6
648,장동,2018-08-05,27.2,0,.7
648,장동,2018-08-06,27.6,0,.7
648,장동,2018-08-07,28.5,0,1.3
648,장동,2018-08-08,27.8,0,.7
648,장동,2018-08-09,27.2,.5,.6
648,장동,2018-08-10,27.9,0,1.4
648,장동,2018-08-11,27.2,0,2.3
648,장동,2018-08-12,27.4,0,1.8
648,장동,2018-08-13,27.5,0,.6
648,장동,2018-08-14,28.9,0,.7
648,장동,2018-08-15,29.7,0,1.3
648,장동,2018-08-16,26.9,0,2.2
648,장동,2018-08-17,24.6,0,3.6
648,장동,2018-08-18,23.1,0,1.6
648,장동,2018-08-19,24.1,0,.6
648,장동,2018-08-20,26.4,0,1.2
648,장동,2018-08-21,25.2,0,1
648,장동,2018-08-22,27.8,0,1.8
648,장동,2018-08-23,27,1,2.6
648,장동,2018-08-24,23.7,26.5,1.8
648,장동,2018-08-25,22.9,0,.8
648,장동,2018-08-26,19.7,67,.9
648,장동,2018-08-27,22.1,60.5,.8
648,장동,2018-08-28,,70.5,.6
648,장동,2018-08-29,25.4,0,.9
648,장동,2018-08-30,24.2,127.5,1.1
648,장동,2018-08-31,20.1,41.5,.7
648,장동,2018-09-01,22.7,0,1.8
648,장동,2018-09-02,22.1,0,2.3
648,장동,2018-09-03,22.5,94.5,1
648,장동,2018-09-04,21.7,26,.9
648,장동,2018-09-05,20.7,0,.8
648,장동,2018-09-06,21.6,0,.8
648,장동,2018-09-07,19.8,.5,1.1
648,장동,2018-09-08,17.7,0,.6
648,장동,2018-09-09,18.9,0,.5
648,장동,2018-09-10,19.7,0,1.4
648,장동,2018-09-11,19,0,1.8
648,장동,2018-09-12,20,0,1.7
648,장동,2018-09-13,20.2,0,1.8
648,장동,2018-09-14,20.4,6.5,1
648,장동,2018-09-15,20.7,.5,1.2
648,장동,2018-09-16,20.6,0,.3
648,장동,2018-09-17,19.8,0,.4
648,장동,2018-09-18,18.8,0,.5
648,장동,2018-09-19,19,0,.3
648,장동,2018-09-20,19.2,0,1.7
648,장동,2018-09-21,18.2,36,1
648,장동,2018-09-22,18.2,0,.6
648,장동,2018-09-23,16.6,0,.7
648,장동,2018-09-24,14.4,0,.5
648,장동,2018-09-25,14.8,0,.8
648,장동,2018-09-26,16.5,0,1.3
648,장동,2018-09-27,15.6,0,1
648,장동,2018-09-28,16.3,0,1.8
648,장동,2018-09-29,18,0,1.3
648,장동,2018-09-30,16.1,0,.9
648,장동,2018-10-01,13.6,1,1
648,장동,2018-10-02,13.1,0,.5
648,장동,2018-10-03,12.9,0,.5
648,장동,2018-10-04,17.2,0,1.3
648,장동,2018-10-05,16.5,62.5,1
648,장동,2018-10-06,16.4,34,1.4
648,장동,2018-10-07,15.1,0,.6
648,장동,2018-10-08,11.1,0,.5
648,장동,2018-10-09,13.2,0,.8
648,장동,2018-10-10,11.8,0,.9
648,장동,2018-10-11,8.7,0,.8
648,장동,2018-10-12,8.1,0,.5
648,장동,2018-10-13,9.5,0,.4
648,장동,2018-10-14,10.8,0,.4
648,장동,2018-10-15,11.6,0,.4
648,장동,2018-10-16,11,0,.2
648,장동,2018-10-17,10.3,0,.5
648,장동,2018-10-18,9.7,0,.7
648,장동,2018-10-19,9.6,0,.5
648,장동,2018-10-20,9.9,0,.4
648,장동,2018-10-21,9.6,0,.3
648,장동,2018-10-22,11.3,0,.2
648,장동,2018-10-23,10.3,0,.6
648,장동,2018-10-24,10,0,.5
648,장동,2018-10-25,10.3,0,.5
648,장동,2018-10-26,10.5,21.5,.5
648,장동,2018-10-27,8.6,1,1.3
648,장동,2018-10-28,8.7,11.5,1.2
648,장동,2018-10-29,8.1,0,.5
648,장동,2018-10-30,4.6,0,.6
648,장동,2018-10-31,6.1,0,.5
648,장동,2018-11-01,5.4,0,.4
648,장동,2018-11-02,6.8,0,.4
648,장동,2018-11-03,7.5,0,.4
648,장동,2018-11-04,7.8,0,.4
648,장동,2018-11-05,8.1,0,.4
648,장동,2018-11-06,9.3,0,.4
648,장동,2018-11-07,11.4,1.5,.2
648,장동,2018-11-08,13.6,39,2
648,장동,2018-11-09,10.1,0,.9
648,장동,2018-11-10,9.2,0,
648,장동,2018-11-11,8.3,0,.3
648,장동,2018-11-12,6.5,0,.5
648,장동,2018-11-13,6.5,0,.4
648,장동,2018-11-14,6.9,0,.3
648,장동,2018-11-15,6.8,0,.3
648,장동,2018-11-16,8.2,0,.3
648,장동,2018-11-17,4.3,0,.4
648,장동,2018-11-18,4,0,.3
648,장동,2018-11-19,6.4,0,.4
648,장동,2018-11-20,3.5,0,.3
648,장동,2018-11-21,3.7,.5,.6
648,장동,2018-11-22,1.8,0,.6
648,장동,2018-11-23,.2,0,.5
648,장동,2018-11-24,3.6,8,.9
648,장동,2018-11-25,5.4,0,.3
648,장동,2018-11-26,3.9,0,.3
648,장동,2018-11-27,5.9,0,.5
648,장동,2018-11-28,3.1,0,.3
648,장동,2018-11-29,3.4,0,.3
648,장동,2018-11-30,3.1,0,.3
648,장동,2018-12-01,3.4,0,.4
648,장동,2018-12-02,7.7,0,.8
648,장동,2018-12-03,12.2,13.5,.5
648,장동,2018-12-04,7.9,19,.7
648,장동,2018-12-05,.6,0,.8
648,장동,2018-12-06,1.5,1.5,.6
648,장동,2018-12-07,-4.4,0,1.5
648,장동,2018-12-08,-7.2,0,.6
648,장동,2018-12-09,-6.5,0,.6
648,장동,2018-12-10,-4.3,0,.3
648,장동,2018-12-11,-1.7,2.5,.2
648,장동,2018-12-12,-3.6,0,.4
648,장동,2018-12-13,-1.7,0,.9
648,장동,2018-12-14,-4.6,0,.5
648,장동,2018-12-15,-4.1,0,.3
648,장동,2018-12-16,-.7,0,.3
648,장동,2018-12-17,1.7,0,.8
648,장동,2018-12-18,.6,0,.5
648,장동,2018-12-19,4.8,1,.8
648,장동,2018-12-20,1.9,0,.2
648,장동,2018-12-21,2.9,0,.3
648,장동,2018-12-22,4.5,0,.3
648,장동,2018-12-23,3.8,0,.8
648,장동,2018-12-24,-2.9,0,.4
648,장동,2018-12-25,-1.5,0,.2
648,장동,2018-12-26,.8,0,.8
648,장동,2018-12-27,-6.6,0,1.5
648,장동,2018-12-28,-9.4,0,.8
648,장동,2018-12-29,-7.3,0,.7
648,장동,2018-12-30,-7.4,0,.4
648,장동,2018-12-31,-6,0,.4
648,장동,2019-01-01,-3.2,0,.5
648,장동,2019-01-02,-5.2,0,.4
648,장동,2019-01-03,-4.9,0,.4
648,장동,2019-01-04,-3.1,0,.3
648,장동,2019-01-05,-2.6,0,.7
648,장동,2019-01-06,-3.9,0,.3
648,장동,2019-01-07,-2.9,0,.4
648,장동,2019-01-08,-2.5,0,.9
648,장동,2019-01-09,-5.1,0,.4
648,장동,2019-01-10,-2,0,.3
648,장동,2019-01-11,1.3,0,.5
648,장동,2019-01-12,3.1,.5,.5
648,장동,2019-01-13,-.6,0,.4
648,장동,2019-01-14,.6,0,.4
648,장동,2019-01-15,-1.1,.5,.9
648,장동,2019-01-16,-4.8,0,.7
648,장동,2019-01-17,-1.1,0,.9
648,장동,2019-01-18,-1.3,0,.4
648,장동,2019-01-19,1.3,0,.2
648,장동,2019-01-20,.3,0,1.1
648,장동,2019-01-21,-1.8,0,1
648,장동,2019-01-22,1.3,0,.9
648,장동,2019-01-23,.5,0,.6
648,장동,2019-01-24,-1.8,0,.4
648,장동,2019-01-25,-2.4,0,.9
648,장동,2019-01-26,-4.2,0,.7
648,장동,2019-01-27,-2,0,.8
648,장동,2019-01-28,1.2,.5,1.4
648,장동,2019-01-29,-2.2,0,.4
648,장동,2019-01-30,1.2,0,.5
648,장동,2019-01-31,-.5,0,.6
648,장동,2019-02-01,-2.8,0,.8
648,장동,2019-02-02,.5,0,.5
648,장동,2019-02-03,4.8,22.5,1.1
648,장동,2019-02-04,-.3,0,.7
648,장동,2019-02-05,1.2,0,.3
648,장동,2019-02-06,5.3,0,.9
648,장동,2019-02-07,.7,0,1.3
648,장동,2019-02-08,-3.8,0,.9
648,장동,2019-02-09,-3.6,0,1.2
648,장동,2019-02-10,-3.2,0,.6
648,장동,2019-02-11,-3.1,0,.8
648,장동,2019-02-12,-1.4,0,.6
648,장동,2019-02-13,-1.7,0,.8
648,장동,2019-02-14,-.5,0,.5
648,장동,2019-02-15,1,0,.8
648,장동,2019-02-16,-1.9,1,1
648,장동,2019-02-17,-2.2,0,.7
648,장동,2019-02-18,.3,0,.3
648,장동,2019-02-19,1.3,16.5,.3
648,장동,2019-02-20,1.1,0,.5
648,장동,2019-02-21,.2,0,.4
648,장동,2019-02-22,1.6,0,.3
648,장동,2019-02-23,4,0,.8
648,장동,2019-02-24,4.8,0,.6
648,장동,2019-02-25,3.4,0,.7
648,장동,2019-02-26,3.2,0,.5
648,장동,2019-02-27,5,0,.6
648,장동,2019-02-28,4.2,0,.5
648,장동,2019-03-01,3.8,0,.5
648,장동,2019-03-02,5.2,0,.4
648,장동,2019-03-03,6.7,0,.5
648,장동,2019-03-04,7.5,0,.5
648,장동,2019-03-05,7.1,0,.7
648,장동,2019-03-06,8,0,.9
648,장동,2019-03-07,4.8,0,.6
648,장동,2019-03-08,4.4,0,.7
648,장동,2019-03-09,5.9,0,.4
648,장동,2019-03-10,6,0,.8
648,장동,2019-03-11,4.6,1,1
648,장동,2019-03-12,3.4,1.5,1.2
648,장동,2019-03-13,2.2,0,1.3
648,장동,2019-03-14,4.8,0,1.3
648,장동,2019-03-15,6.3,1,1.8
648,장동,2019-03-16,5.1,0,1.2
648,장동,2019-03-17,5.3,0,.8
648,장동,2019-03-18,5.1,0,.5
648,장동,2019-03-19,8.8,0,1
648,장동,2019-03-20,9.7,16.5,.8
648,장동,2019-03-21,7.9,2.5,2.1
648,장동,2019-03-22,2.8,0,1.1
648,장동,2019-03-23,2,0,1.2
648,장동,2019-03-24,3.2,0,1.5
648,장동,2019-03-25,5.4,0,1
648,장동,2019-03-26,9.9,0,1
648,장동,2019-03-27,13.2,0,2.5
648,장동,2019-03-28,10.3,0,.8
648,장동,2019-03-29,9.9,0,.9
648,장동,2019-03-30,5.2,4,1.3
648,장동,2019-03-31,4.3,0,1.5
648,장동,2019-04-01,4.2,0,1.1
648,장동,2019-04-02,4.7,0,.9
648,장동,2019-04-03,5.3,0,1.1
648,장동,2019-04-04,7.7,0,1.5
648,장동,2019-04-05,10.1,0,2.2
648,장동,2019-04-06,10.2,0,.6
648,장동,2019-04-07,12.5,0,.6
648,장동,2019-04-08,10.2,0,1
648,장동,2019-04-09,9.4,36.5,3.7
648,장동,2019-04-10,7,6,1.9
648,장동,2019-04-11,8.7,0,.6
648,장동,2019-04-12,9.4,0,.8
648,장동,2019-04-13,9.7,0,.8
648,장동,2019-04-14,8.4,.5,1
648,장동,2019-04-15,9.3,0,.9
648,장동,2019-04-16,12.4,0,.5
648,장동,2019-04-17,14.6,0,1
648,장동,2019-04-18,14,0,1.5
648,장동,2019-04-19,12.7,0,2.3
648,장동,2019-04-20,15.4,0,1
648,장동,2019-04-21,15.7,0,.6
648,장동,2019-04-22,18.3,0,1.1
648,장동,2019-04-23,16.6,5.5,1.4
648,장동,2019-04-24,16.1,24,.6
648,장동,2019-04-25,13.4,9,.9
648,장동,2019-04-26,8.9,2.5,.9
648,장동,2019-04-27,10.1,0,.5
648,장동,2019-04-28,10.9,.5,.9
648,장동,2019-04-29,9.4,18,.7
648,장동,2019-04-30,13.9,0,.6
648,장동,2019-05-01,14.1,0,1.1
648,장동,2019-05-02,13.6,0,1.1
648,장동,2019-05-03,15.4,0,.6
648,장동,2019-05-04,16.4,0,.5
648,장동,2019-05-05,17,0,.7
648,장동,2019-05-06,11.7,0,1.1
648,장동,2019-05-07,12.6,0,1
648,장동,2019-05-08,13.6,0,1.4
648,장동,2019-05-09,15,0,.9
648,장동,2019-05-10,15.6,0,.7
648,장동,2019-05-11,17.1,0,.6
648,장동,2019-05-12,18.6,0,.9
648,장동,2019-05-13,17.6,0,1
648,장동,2019-05-14,18,0,.7
648,장동,2019-05-15,18.9,0,.5
648,장동,2019-05-16,20.7,0,.7
648,장동,2019-05-17,20.6,0,.8
648,장동,2019-05-18,17.8,14,2.9
648,장동,2019-05-19,18.8,2.5,2.1
648,장동,2019-05-20,15,10.5,1.2
648,장동,2019-05-21,16.2,0,2
648,장동,2019-05-22,18.7,0,1.8
648,장동,2019-05-23,20.4,0,1.3
648,장동,2019-05-24,21.9,0,1
648,장동,2019-05-25,21,0,1
648,장동,2019-05-26,21.9,0,1.2
648,장동,2019-05-27,16.4,13.5,1.8
648,장동,2019-05-28,16,0,1.1
648,장동,2019-05-29,17,0,1.2
648,장동,2019-05-30,18.4,.5,1.2
648,장동,2019-05-31,16.5,.5,.9
648,장동,2019-06-01,16.2,0,.5
648,장동,2019-06-02,18.7,0,.6
648,장동,2019-06-03,20.1,0,.8
648,장동,2019-06-04,21.4,0,.7
648,장동,2019-06-05,21.5,0,.8
648,장동,2019-06-06,19.8,21.5,.7
648,장동,2019-06-07,17.4,27,1.5
648,장동,2019-06-08,19.3,0,.8
648,장동,2019-06-09,19.9,2.5,1.2
648,장동,2019-06-10,16.8,1,1.5
648,장동,2019-06-11,18.3,0,.8
648,장동,2019-06-12,18.5,0,.6
648,장동,2019-06-13,20.8,0,.5
648,장동,2019-06-14,19,0,.4
648,장동,2019-06-15,19.2,0,.9
648,장동,2019-06-16,19.4,0,.8
648,장동,2019-06-17,19.9,0,1.4
648,장동,2019-06-18,19,0,.6
648,장동,2019-06-19,20,0,.4
648,장동,2019-06-20,20.9,0,.6
648,장동,2019-06-21,21.5,0,.8
648,장동,2019-06-22,21.3,11,.9
648,장동,2019-06-23,20.3,0,.7
648,장동,2019-06-24,21.3,0,.6
648,장동,2019-06-25,22.8,0,.6
648,장동,2019-06-26,19.5,1.5,1.4
648,장동,2019-06-27,22.7,1,.6
648,장동,2019-06-28,23.4,0,1.1
648,장동,2019-06-29,20.3,14.5,.8
648,장동,2019-06-30,22.3,0,.8
648,장동,2019-07-01,21.4,0,1
648,장동,2019-07-02,21.3,0,.6
648,장동,2019-07-03,21.5,0,.6
648,장동,2019-07-04,22.3,0,.6
648,장동,2019-07-05,24,0,.9
648,장동,2019-07-06,24,0,1.6
648,장동,2019-07-07,22.8,0,1.8
648,장동,2019-07-08,22.1,0,1.6
648,장동,2019-07-09,21.9,0,2.1
648,장동,2019-07-10,19.9,20,1.6
648,장동,2019-07-11,19.6,7,.3
648,장동,2019-07-12,21.5,0,.6
648,장동,2019-07-13,21.6,.5,.4
648,장동,2019-07-14,22.9,16.5,.5
648,장동,2019-07-15,21.3,61.5,.9
648,장동,2019-07-16,22.5,21,.7
648,장동,2019-07-17,23.3,0,.9
648,장동,2019-07-18,22.9,4.5,.7
648,장동,2019-07-19,24.4,.5,2.1
648,장동,2019-07-20,23.9,25.5,2.2
648,장동,2019-07-21,23.2,33,1.6
648,장동,2019-07-22,25.7,0,1.1
648,장동,2019-07-23,25.9,0,.6
648,장동,2019-07-24,25,0,.4
648,장동,2019-07-25,24.1,55,.3
648,장동,2019-07-26,25.1,14,.5
648,장동,2019-07-27,25.7,8.5,.7
648,장동,2019-07-28,24.6,19.5,.4
648,장동,2019-07-29,25.9,0,.8
648,장동,2019-07-30,26.8,0,1.1
648,장동,2019-07-31,27.2,0,1.3
648,장동,2019-08-01,27,0,.7
648,장동,2019-08-02,26.8,0,.6
648,장동,2019-08-03,27.2,0,.8
648,장동,2019-08-04,27,0,.5
648,장동,2019-08-05,27.9,0,.7
648,장동,2019-08-06,26.8,0,1.5
648,장동,2019-08-07,25.9,1.5,1.2
648,장동,2019-08-08,25.9,.5,.6
648,장동,2019-08-09,26.4,0,.6
648,장동,2019-08-10,27.6,0,1.6
648,장동,2019-08-11,28,0,3.1
648,장동,2019-08-12,26.8,1,1.6
648,장동,2019-08-13,27.7,0,1
648,장동,2019-08-14,27.6,0,1.3
648,장동,2019-08-15,23.4,10.5,.4
648,장동,2019-08-16,24.6,1,.8
648,장동,2019-08-17,23.5,1,1.3
648,장동,2019-08-18,22.7,0,.5
648,장동,2019-08-19,23.3,0,.5
648,장동,2019-08-20,25.1,0,1.9
648,장동,2019-08-21,24.6,24.5,.8
648,장동,2019-08-22,24.1,24,.5
648,장동,2019-08-23,22.4,0,.5
648,장동,2019-08-24,20.8,0,.5
648,장동,2019-08-25,21.6,0,.7
648,장동,2019-08-26,22.6,0,.7
648,장동,2019-08-27,20.1,33.5,1
648,장동,2019-08-28,22.1,1.5,.7
648,장동,2019-08-29,20.9,3,.6
648,장동,2019-08-30,20.9,1.5,.7
648,장동,2019-08-31,20.5,0,.5
648,장동,2019-09-01,20.7,0,.4
648,장동,2019-09-02,20.3,11.5,.8
648,장동,2019-09-03,20.7,1.5,.8
648,장동,2019-09-04,22.5,3.5,1.2
648,장동,2019-09-05,22.4,75,.5
648,장동,2019-09-06,24,0,1.4
648,장동,2019-09-07,24.9,3.5,3.3
648,장동,2019-09-08,23,1.5,.5
648,장동,2019-09-09,22.3,10.5,.6
648,장동,2019-09-10,24.6,0,.8
648,장동,2019-09-11,23.5,.5,1.8
648,장동,2019-09-12,19.3,6,2.2
648,장동,2019-09-13,20.7,0,1.8
648,장동,2019-09-14,21,0,.4
648,장동,2019-09-15,22.5,0,.4
648,장동,2019-09-16,21.4,0,.7
648,장동,2019-09-17,19.2,0,.7
648,장동,2019-09-18,18.6,0,.7
648,장동,2019-09-19,16.7,0,.5
648,장동,2019-09-20,17.7,0,1
648,장동,2019-09-21,16.3,45.5,1.1
648,장동,2019-09-22,15.4,85.5,1.6
648,장동,2019-09-23,15.9,.5,.5
648,장동,2019-09-24,15.6,0,.4
648,장동,2019-09-25,16.3,0,.4
648,장동,2019-09-26,19.4,0,1.1
648,장동,2019-09-27,20.4,0,.9
648,장동,2019-09-28,21.8,0,.4
648,장동,2019-09-29,19.4,0,.4
648,장동,2019-09-30,19.2,0,.4
648,장동,2019-10-01,19.7,0,.4
648,장동,2019-10-02,20.1,78,1.9
648,장동,2019-10-03,20,12,.9
648,장동,2019-10-04,20.3,0,.6
648,장동,2019-10-05,17.4,0,.9
648,장동,2019-10-06,16.3,0,2.7
648,장동,2019-10-07,14.1,11.5,.8
648,장동,2019-10-08,13.7,0,.7
648,장동,2019-10-09,10.5,0,.5
648,장동,2019-10-10,12.1,0,.3
648,장동,2019-10-11,14.5,0,.4
648,장동,2019-10-12,15.5,0,.8
648,장동,2019-10-13,13.7,0,1
648,장동,2019-10-14,12.1,0,.6
648,장동,2019-10-15,12,0,1.4
648,장동,2019-10-16,11.8,0,.3
648,장동,2019-10-17,13.2,0,.8
648,장동,2019-10-18,14.3,0,1.2
648,장동,2019-10-19,14.2,0,.4
648,장동,2019-10-20,12.5,0,.4
648,장동,2019-10-21,12.8,0,.4
648,장동,2019-10-22,14.5,0,.7
648,장동,2019-10-23,15.6,0,1.2
648,장동,2019-10-24,16.3,0,.8
648,장동,2019-10-25,14.7,0,.4
648,장동,2019-10-26,10.8,0,1
648,장동,2019-10-27,8.5,0,.5
648,장동,2019-10-28,9.5,0,.6
648,장동,2019-10-29,11.6,1,.8
648,장동,2019-10-30,8.9,0,.4
648,장동,2019-10-31,10.7,0,.5
648,장동,2019-11-01,11.8,0,.4
648,장동,2019-11-02,11.1,0,.2
648,장동,2019-11-03,12.6,0,.7
648,장동,2019-11-04,11.3,0,.5
648,장동,2019-11-05,9.3,0,.3
648,장동,2019-11-06,8.9,0,.4
648,장동,2019-11-07,8.6,0,.6
648,장동,2019-11-08,4.3,0,.3
648,장동,2019-11-09,5.6,0,.4
648,장동,2019-11-10,7.8,0,.8
648,장동,2019-11-11,10.2,,1.1
648,장동,2019-11-12,7.2,0,.3
648,장동,2019-11-13,7.2,1.5,.7
648,장동,2019-11-14,1.5,0,1
648,장동,2019-11-15,8.3,0,1.2
648,장동,2019-11-16,10.3,1,.4
648,장동,2019-11-17,,3.5,
648,장동,2019-11-19,1.1,0,.8
648,장동,2019-11-20,.2,0,.4
648,장동,2019-11-21,3,0,.4
648,장동,2019-11-22,9,0,.9
648,장동,2019-11-23,9.8,0,.8
648,장동,2019-11-24,11.1,1,.9
648,장동,2019-11-25,2.3,0,.8
648,장동,2019-11-26,5.8,0,.5
648,장동,2019-11-27,4.3,0,.7
648,장동,2019-11-28,2.5,0,.4
648,장동,2019-11-29,.5,0,.4
648,장동,2019-11-30,3.2,0,.3
648,장동,2019-12-01,5.2,.5,.1
648,장동,2019-12-02,1.8,0,.9
648,장동,2019-12-03,.7,.5,.5
648,장동,2019-12-04,3.9,0,.6
648,장동,2019-12-05,-1.4,0,1
648,장동,2019-12-06,-5.5,0,.6
648,장동,2019-12-07,-1.2,0,.4
648,장동,2019-12-08,-.7,0,.3
648,장동,2019-12-09,1.4,0,.4
648,장동,2019-12-10,5.2,0,.5
648,장동,2019-12-11,,.5,
648,장동,2019-12-12,-.6,0,.7
648,장동,2019-12-13,-.9,0,.2
648,장동,2019-12-14,1.6,.5,.6
648,장동,2019-12-15,3.4,0,.7
648,장동,2019-12-16,5.9,0,.4
648,장동,2019-12-17,6.5,2.5,.3
648,장동,2019-12-18,1.6,0,.5
648,장동,2019-12-19,-.9,0,.5
648,장동,2019-12-20,-.7,0,.4
648,장동,2019-12-21,-1.2,0,.2
648,장동,2019-12-22,1.8,0,.3
648,장동,2019-12-23,2.5,0,.5
648,장동,2019-12-24,-.9,0,.3
648,장동,2019-12-25,.7,0,.2
648,장동,2019-12-26,1.3,4,.4
648,장동,2019-12-27,-1.6,0,.5
648,장동,2019-12-28,-1.4,0,.2
648,장동,2019-12-29,2,8.5,1.2
648,장동,2019-12-30,3.6,2,.9
648,장동,2019-12-31,-5.6,0,1.2
